code,name
300602.SZ,飞荣达
301335.SZ,天元宠物
688790.SS,昂瑞微-UW
603067.SS,振华股份
300153.SZ,科泰电源
002719.SZ,ST麦趣
002048.SZ,宁波华翔
301182.SZ,凯旺科技
688276.SS,百克生物
603636.SS,南威软件
688690.SS,纳微科技
300702.SZ,天宇股份
301235.SZ,华康洁净
300053.SZ,航宇微
603167.SS,渤海轮渡
301082.SZ,久盛电气
688376.SS,美埃科技
002148.SZ,北纬科技
300817.SZ,双飞集团
605266.SS,健之佳
605366.SS,宏柏新材
603823.SS,百合花
300917.SZ,特发服务
000533.SZ,顺钠股份
002282.SZ,博深股份
600812.SS,XD华北制
301348.SZ,蓝箭电子
301419.SZ,阿莱德
002035.SZ,华帝股份
300399.SZ,天利科技
301248.SZ,杰创智能
301519.SZ,舜禹股份
002382.SZ,蓝帆医疗
300299.SZ,富春股份
002664.SZ,信质集团
002135.SZ,东南网架
601330.SS,绿色动力
600156.SS,华升股份
601187.SS,厦门银行
002971.SZ,和远气体
600707.SS,彩虹股份
600056.SS,中国医药
002871.SZ,伟隆股份
600382.SS,广东明珠
002912.SZ,中新赛克
600664.SS,哈药股份
300809.SZ,华辰装备
600135.SS,乐凯胶片
002812.SZ,恩捷股份
600282.SS,南钢股份
605378.SS,野马电池
300909.SZ,汇创达
600764.SS,中国海防
600035.SS,楚天高速
002707.SZ,众信旅游
002056.SZ,横店东磁
688539.SS,高华科技
688268.SS,华特气体
600871.SS,石化油服
603728.SS,鸣志电器
603079.SS,圣达生物
688439.SS,振华风光
688368.SS,晶丰明源
002607.SZ,中公教育
002156.SZ,通富微电
603628.SS,清源股份
600971.SS,恒源煤电
603179.SS,新泉股份
601199.SS,江南水务
000301.SZ,东方盛虹
600619.SS,海立股份
600148.SS,长春一东
000550.SZ,江铃汽车
601099.SS,太平洋
605305.SS,中际联合
600719.SS,大连热电
600048.SS,保利发展
300387.SZ,富邦科技
688215.SS,瑞晟智能
301356.SZ,天振股份
300661.SZ,圣邦股份
603755.SS,日辰股份
603004.SS,鼎龙科技
300130.SZ,新国都
688315.SS,诺禾致源
300287.SZ,飞利信
603655.SS,朗博科技
301256.SZ,华融化学
300761.SZ,立华股份
300030.SZ,阳普医疗
301507.SZ,民生健康
301090.SZ,华润材料
688435.SS,英方软件
300041.SZ,回天新材
603175.SS,超颖电子
688682.SS,霍莱沃
300710.SZ,万隆光电
301227.SZ,森鹰窗业
000983.SZ,山西焦煤
688535.SS,华海诚科
301190.SZ,善水科技
000883.SZ,湖北能源
603075.SS,热威股份
300141.SZ,和顺电气
300610.SZ,晨化股份
301327.SZ,华宝新能
000521.SZ,长虹美菱
000796.SZ,凯撒旅业
600039.SS,四川路桥
600768.SS,宁波富邦
300905.SZ,宝丽迪
000421.SZ,南京公用
300805.SZ,电声股份
603931.SS,格林达
600668.SS,尖峰集团
688319.SS,欧林生物
688448.SS,磁谷科技
002127.SZ,南极电商
002676.SZ,顺威股份
603108.SS,润达医疗
600900.SS,长江电力
603659.SS,璞泰来
002390.SZ,信邦制药
002027.SZ,分众传媒
688219.SS,会通股份
688548.SS,广钢气体
002290.SZ,禾盛新材
603008.SS,ST喜临门
603759.SS,海天股份
600800.SS,渤海化学
002863.SZ,今飞凯达
300978.SZ,东箭科技
600715.SS,文投控股
601222.SS,林洋能源
002963.SZ,豪尔赛
600615.SS,鑫源智造
300878.SZ,维康药业
000788.SZ,北大医药
600027.SS,华电国际
600776.SS,东方通信
002800.SZ,天顺股份
600127.SS,金健米业
600676.SS,交运股份
000688.SZ,国城矿业
600390.SS,五矿资本
002900.SZ,哈三联
301568.SZ,思泰克
301239.SZ,普瑞眼科
600963.SS,岳阳林纸
002144.SZ,宏达高科
002615.SZ,哈尔斯
301468.SZ,博盈特焊
600863.SS,华能蒙电
301339.SZ,通行宝
002044.SZ,美年健康
002715.SZ,登云股份
300966.SZ,共同药业
300866.SZ,安克创新
300022.SZ,吉峰科技
301515.SZ,港通医疗
603116.SS,XD红蜻蜓
300773.SZ,拉卡拉
688307.SS,中润光学
300295.SZ,*ST三六五
688456.SS,有研粉材
002139.SZ,拓邦股份
002668.SZ,TCL智家
603016.SS,新宏泰
300122.SZ,智飞生物
300673.SZ,佩蒂股份
002039.SZ,黔源电力
002768.SZ,国恩股份
300395.SZ,菲利华
688207.SS,格灵深瞳
688556.SS,高测股份
300933.SZ,中辰股份
002828.SZ,贝肯能源
000517.SZ,荣安地产
300833.SZ,浩洋股份
601369.SS,陕鼓动力
002928.SZ,华夏航空
000417.SZ,合百集团
603612.SS,索通发展
301211.SZ,亨迪药业
300726.SZ,宏达电子
300077.SZ,国民技术
300591.SZ,万里马
688403.SS,汇成股份
688352.SS,颀中科技
301311.SZ,昆船智能
300626.SZ,华瑞股份
603712.SS,七一二
603043.SS,广州酒家
300177.SZ,中海达
688503.SS,聚和材料
300491.SZ,通合科技
688252.SS,天德钰
600072.SS,中船科技
600594.SS,益佰制药
002855.SZ,捷荣技术
605188.SS,国光连锁
600623.SS,华谊集团
600172.SS,黄河旋风
605088.SS,冠盛股份
002955.SZ,鸿合科技
600936.SS,北投科技
688198.SS,佰仁医疗
002640.SZ,跨境通
002111.SZ,威海广泰
603389.SS,*ST亚振
688098.SS,申联生物
603289.SS,泰瑞机器
002011.SZ,盾安环境
002623.SZ,亚玛顿
002172.SZ,澳洋健康
002494.SZ,华斯股份
300738.SZ,奥飞数据
600955.SS,维远股份
300069.SZ,金利华电
002723.SZ,小崧股份
002072.SZ,凯瑞德
600855.SS,航天长峰
300638.SZ,广和通
300169.SZ,天晟新材
002594.SZ,比亚迪
002836.SZ,新宏泽
000509.SZ,华塑控股
600740.SS,山西焦化
603819.SS,神力股份
600011.SS,华能国际
001289.SZ,龙源电力
002936.SZ,郑州银行
000409.SZ,云鼎科技
001389.SZ,广合科技
603919.SS,金徽酒
600640.SS,国脉文化
601377.SS,兴业证券
600111.SS,XD北方稀
688331.SS,荣昌生物
600928.SS,西安银行
300745.SZ,欣锐科技
301272.SZ,英华特
300014.SZ,亿纬锂能
603120.SS,肯特催化
688186.SS,广大特材
688560.SS,明冠新材
603297.SS,永新光学
688231.SS,隆达股份
300645.SZ,正元智慧
301372.SZ,科净源
600828.SS,茂业商业
603020.SS,爱普股份
605196.SS,华通线缆
300950.SZ,德固特
300850.SZ,新强联
300821.SZ,东岳硅材
603915.SS,国茂股份
000505.SZ,京粮控股
603815.SS,交建股份
300921.SZ,南凌科技
001285.SZ,瑞立科密
601888.SS,中国中免
688511.SS,天微电子
300483.SZ,首华燃气
603051.SS,鹿山新材
300165.SZ,天瑞仪器
301303.SZ,真兰仪表
300634.SZ,彩讯股份
600859.SS,王府井
603700.SS,宁水集团
002598.SZ,ST章鼓
601988.SS,中国银行
300583.SZ,赛托生物
688411.SS,海博思创
002498.SZ,汉缆股份
300065.SZ,海兰信
301552.SZ,科力装备
603151.SS,邦基科技
603600.SS,永艺股份
600959.SS,江苏有线
301203.SZ,国泰环保
002947.SZ,恒铭达
600486.SS,扬农化工
600160.SS,XD巨化股
603968.SS,醋化股份
600586.SS,金晶科技
002847.SZ,盐津铺子
600060.SS,海信视像
603868.SS,飞科电器
600731.SS,湖南海利
002003.SZ,伟星股份
002752.SZ,昇兴股份
300118.SZ,东方日升
600824.SS,益民集团
300649.SZ,杭州园林
002103.SZ,广博股份
002652.SZ,扬子新材
300018.SZ,中元股份
300749.SZ,顶固集创
600847.SS,万里股份
002586.SZ,ST围海
002060.SZ,广东建工
002731.SZ,ST萃华
002486.SZ,嘉麟杰
002160.SZ,常铝股份
002631.SZ,德尔未来
601996.SS,丰林集团
600103.SS,青山纸业
002824.SZ,和胜股份
603032.SS,德新科技
300106.SZ,西部牧业
300657.SZ,弘信电子
301360.SZ,荣旗科技
603285.SS,键邦股份
688223.SS,晶科能源
300006.SZ,莱美药业
603132.SS,金徽股份
603663.SS,三祥新材
300757.SZ,罗博特科
301260.SZ,格力博
603385.SS,惠达卫浴
688323.SS,瑞华泰
688472.SS,阿特斯
300842.SZ,帝科股份
603976.SS,正川股份
601318.SS,中国平安
002959.SZ,小熊电器
600498.SS,烽火通信
601218.SS,吉鑫科技
603876.SS,鼎胜新材
300942.SZ,易瑞生物
605333.SS,沪光股份
600598.SS,北大荒
000566.SZ,海南海药
002859.SZ,洁美科技
300366.SZ,ST创意
300437.SZ,清水源
301100.SZ,风光股份
000813.SZ,德展健康
300680.SZ,隆盛科技
688712.SS,北芯生命
603352.SS,至信股份
300266.SZ,兴源环境
300537.SZ,广信材料
301000.SZ,肇民科技
688143.SS,长盈通
688612.SS,威迈斯
300780.SZ,德恩精工
000913.SZ,钱江摩托
300895.SZ,铜牛信息
001331.SZ,胜通能源
000157.SZ,中联重科
001231.SZ,农心科技
688807.SS,优迅股份
300995.SZ,奇德新材
688289.SS,圣湘生物
002200.SZ,交投生态
002551.SZ,尚荣医疗
603098.SS,森特股份
688389.SS,普门科技
603198.SS,迎驾贡酒
600990.SS,四创电子
002300.SZ,太阳电缆
002451.SZ,摩恩电气
600363.SS,联创光电
600685.SS,中船防务
605299.SS,舒华体育
601005.SS,重庆钢铁
605399.SS,晨光新材
600785.SS,新华百货
600300.SS,维维股份
601166.SS,兴业银行
002990.SZ,盛视科技
000718.SZ,苏宁环球
000049.SZ,德赛电池
688819.SS,XD天能股
002890.SZ,弘宇股份
601066.SS,中信建投
600551.SS,时代出版
002263.SZ,大东南
003005.SZ,竞业达
002532.SZ,天山铝业
002785.SZ,万里石
300378.SZ,鼎捷数智
300429.SZ,强力新材
002363.SZ,隆基机械
002432.SZ,九安医疗
300278.SZ,华昌达
300529.SZ,健帆生物
002685.SZ,华东重机
000665.SZ,湖北广电
605287.SS,德才股份
000034.SZ,神州数码
688020.SS,方邦股份
603086.SS,先达股份
300305.SZ,裕兴股份
301632.SZ,广东建科
688297.SS,中无人机
603231.SS,索宝蛋白
301163.SZ,宏德股份
300454.SZ,深信服
301585.SZ,蓝宇股份
688120.SS,华海清科
603186.SS,华正新材
688671.SS,碧兴物联
000970.SZ,中科三环
603331.SS,百达精工
300205.SZ,*ST天喻
301063.SZ,海锅股份
300554.SZ,三超新材
688600.SS,皖仪科技
300792.SZ,壹网壹创
688151.SS,华强科技
000901.SZ,航天科技
300525.SZ,博思软件
301012.SZ,扬电科技
300274.SZ,阳光电源
002689.SZ,ST远智
003009.SZ,中天火箭
000801.SZ,四川九洲
300692.SZ,中赋科技
688700.SS,东威科技
688051.SS,佳华科技
002789.SZ,*ST建艺
603511.SS,爱慕股份
300425.SZ,中建环能
301112.SZ,信邦智能
300374.SZ,中铁装配
000045.SZ,深纺织Ａ
001223.SZ,欧克科技
300987.SZ,川网传媒
300887.SZ,谱尼测试
001323.SZ,慕思股份
600982.SS,宁波能源
301589.SZ,诺瓦星云
002443.SZ,金洲管道
002312.SZ,川发龙蟒
300558.SZ,贝达药业
300209.SZ,行云科技
002543.SZ,万和电气
002212.SZ,天融信
600882.SS,妙可蓝多
301489.SZ,思泉新材
300458.SZ,全志科技
600797.SS,浙大网新
600520.SS,三佳科技
600271.SS,航天信息
600697.SS,欧亚集团
000669.SZ,ST金鸿
600420.SS,国药现代
601117.SS,中国化学
600371.SS,万向德农
002882.SZ,金龙羽
600543.SS,*ST莫高
600212.SS,绿能慧充
300999.SZ,金龙鱼
600312.SS,平高电气
002982.SZ,湘佳股份
300899.SZ,上海凯鑫
002697.SZ,红旗连锁
002420.SZ,毅昌科技
002371.SZ,北方华创
002797.SZ,第一创业
003017.SZ,大洋生物
002520.SZ,日发精机
002271.SZ,东方雨虹
605122.SS,四方新材
601009.SS,南京银行
000026.SZ,飞亚达
000777.SZ,中核科技
600789.SS,鲁抗医药
601658.SS,邮储银行
600689.SS,上海三毛
000677.SZ,ST海龙
301071.SZ,力量钻石
300546.SZ,雄帝科技
688385.SS,复旦微电
603323.SS,苏农银行
300217.SZ,东方电热
688663.SS,新风光
688132.SS,邦彦技术
603194.SS,中力股份
000962.SZ,东方钽业
301171.SZ,易点天下
300446.SZ,航天智造
300317.SZ,珈伟新能
688285.SS,高铁电气
603223.SS,恒通股份
000862.SZ,银星能源
688032.SS,禾迈股份
000595.SZ,*ST宝实
605177.SS,东亚药业
603885.SS,XD吉祥航
001215.SZ,千味央厨
000722.SZ,湖南发展
605077.SS,华康股份
603985.SS,恒润股份
603376.SS,大明电子
601918.SS,新集能源
300242.SZ,佳云科技
301024.SZ,霍普股份
300513.SZ,恒实科技
000937.SZ,冀中能源
002408.SZ,齐翔腾达
688167.SS,炬光科技
688636.SS,智明达
603690.SS,至纯科技
301293.SZ,三博脑科
300342.SZ,天银机电
601818.SS,光大银行
603276.SS,恒兴新材
688581.SS,安杰思
603527.SS,众源新材
300413.SZ,芒果超媒
688067.SS,爱威科技
301393.SZ,昊帆生物
603790.SS,雅运股份
000837.SZ,秦川机床
002259.SZ,升达林业
002508.SZ,老板电器
601021.SS,春秋航空
600516.SS,方大炭素
001268.SZ,联合精密
601121.SS,宝地矿业
600416.SS,湘电股份
001368.SZ,通达创智
002193.SZ,ST如意
601965.SS,中国汽研
301059.SZ,金三江
002324.SZ,普利特
002475.SZ,立讯精密
300088.SZ,长信科技
601865.SS,福莱特
301608.SZ,博实结
301159.SZ,三维天地
002093.SZ,国脉科技
300188.SZ,国投智能
002224.SZ,三 力 士
003042.SZ,中农联合
002575.SZ,群兴玩具
000929.SZ,*ST兰黄
002347.SZ,泰尔股份
002416.SZ,爱施德
688179.SS,阿拉丁
688628.SS,优利德
603368.SS,柳药集团
603439.SS,三力制药
688079.SS,美迪凯
688728.SS,格科微
002247.SZ,聚力文化
000829.SZ,天音控股
002516.SZ,旷达科技
003021.SZ,兆威机电
603268.SS,松发股份
600575.SS,淮河能源
605169.SS,洪通燃气
600193.SS,退市创兴
605069.SS,正和生态
600475.SS,华光环能
300096.SZ,ST易联众
688655.SS,迅捷兴
603315.SS,福鞍股份
300221.SZ,银禧科技
300570.SZ,太辰光
301047.SZ,义翘神州
603444.SS,吉比特
688004.SS,博汇科技
300196.SZ,长海股份
688755.SS,汉邦科技
301616.SZ,浙江华业
300321.SZ,同大股份
603215.SS,比依股份
300470.SZ,中密控股
601288.SS,农业银行
000010.SZ,*ST美丽
600259.SS,中稀有色
600508.SS,上海能源
001376.SZ,百通能源
601388.SS,怡球资源
600359.SS,新农开发
600408.SS,安泰集团
000630.SZ,铜陵有色
603997.SS,继峰股份
600479.SS,千金药业
600328.SS,中盐化工
603897.SS,长城科技
000061.SZ,农 产 品
001207.SZ,联科科技
600579.SS,中化装备
600228.SS,返利科技
301381.SZ,赛维时代
688075.SS,安旭生物
000825.SZ,太钢不锈
688593.SS,新相微
603535.SS,嘉诚国际
301136.SZ,招标股份
300401.SZ,花园生物
300350.SZ,华鹏飞
301667.SZ,纳百川
000925.SZ,众合科技
603682.SS,锦和商管
301281.SZ,科源制药
688175.SS,高凌信息
301036.SZ,双乐股份
300501.SZ,海顺新材
300250.SZ,初灵信息
605018.SS,长华集团
601133.SS,柏诚股份
600355.SS,*ST精伦
601033.SS,永兴股份
600255.SS,鑫科材料
605118.SS,力鼎光电
688759.SS,必贝特-U
688008.SS,澜起科技
002567.SZ,唐人神
000858.SZ,五 粮 液
002236.SZ,大华股份
601877.SS,正泰电器
603219.SS,富佳股份
002081.SZ,金 螳 螂
002467.SZ,二六三
000958.SZ,电投产融
688659.SS,元琛科技
688108.SS,赛诺医疗
002181.SZ,粤 传 媒
603319.SS,美湖股份
301128.SZ,强瑞技术
003033.SZ,征和工业
002255.SZ,海陆重工
301028.SZ,鼎熔岩
002404.SZ,嘉欣丝绸
002355.SZ,兴民智通
600467.SS,好当家
601601.SS,中国太保
600336.SS,澳柯玛
001319.SZ,铭科精技
603989.SS,艾华集团
600567.SS,山鹰国际
600236.SS,桂冠电力
000599.SZ,青岛双星
603889.SS,新澳股份
600081.SS,东风科技
001219.SZ,青岛食品
603556.SS,海兴电力
300462.SZ,ST华铭
301155.SZ,海力风电
300333.SZ,兆日科技
603207.SS,小方制药
601869.SS,长飞光纤
688016.SS,心脉医疗
300184.SZ,力源信息
002579.SZ,中京电子
002228.SZ,合兴包装
300562.SZ,乐心医疗
301055.SZ,张小泉
603456.SS,XD九洲药
601969.SS,海南矿业
603307.SS,扬州金泉
300233.SZ,金城医药
002479.SZ,富春环保
002328.SZ,新朋股份
300084.SZ,海默科技
688116.SS,天奈科技
605006.SS,山东玻纤
000002.SZ,万  科Ａ
000753.SZ,漳州发展
300539.SZ,横河精密
300268.SZ,佳沃食品
002695.SZ,煌上煌
002422.SZ,科伦药业
002373.SZ,千方科技
002795.SZ,永和智控
300439.SZ,美康生物
300368.SZ,汇金股份
002522.SZ,浙江众成
003015.SZ,日久光电
002273.SZ,水晶光电
002880.SZ,卫光生物
601727.SS,上海电气
600210.SS,紫江企业
000059.SZ,华锦股份
000708.SZ,中信特钢
688809.SS,强一股份
600310.SS,广西能源
002980.SZ,华盛昌
000159.SZ,国际实业
000608.SZ,阳光股份
301073.SZ,君亭酒店
300215.SZ,电科院
688387.SS,信科移动-U
603321.SS,梅轮电梯
688661.SS,和林微纳
688130.SS,晶华微
603196.SS,璞源材料
301595.SZ,太力科技
000960.SZ,锡业股份
300444.SZ,双杰电气
301173.SZ,毓恬冠佳
688287.SS,退市观典
603221.SS,爱丽家居
301622.SZ,英思特
300315.SZ,掌趣科技
000860.SZ,顺鑫农业
688030.SS,山石网科
603096.SS,新经典
605020.SS,永和股份
001221.SZ,悍高集团
000716.SZ,黑芝麻
300985.SZ,致远新能
601068.SS,中铝国际
300885.SZ,海昌新材
601168.SS,西部矿业
300790.SZ,宇瞳光学
688602.SS,康鹏科技
688153.SS,唯捷创芯
000903.SZ,ST云动
301010.SZ,晶雪节能
300527.SZ,ST应急
300276.SZ,三丰智能
000803.SZ,山高环能
688702.SS,盛科通信-U
300690.SZ,双一科技
688053.SS,ST思科瑞
301110.SZ,青木科技
300427.SZ,红相股份
300376.SZ,易事特
605389.SS,长龄液压
600795.SS,国电电力
601015.SS,陕西黑猫
600522.SS,中天科技
600273.SS,嘉化能源
605289.SS,罗曼股份
600422.SS,昆药集团
600373.SS,中文传媒
600980.SS,北矿科技
603188.SS,亚邦股份
002441.SZ,众业达
002310.SZ,东方新能
688399.SS,硕世生物
002541.SZ,鸿路钢构
002210.SZ,飞马国际
600880.SS,博瑞传播
603088.SS,宁波精达
688299.SS,长阳科技
002261.SZ,拓维信息
002530.SZ,金财互联
003007.SZ,直真科技
002787.SZ,华源控股
002361.SZ,神剑股份
002430.SZ,杭氧股份
002687.SZ,乔治白
300889.SZ,爱克股份
600302.SS,ST标准
002992.SZ,宝明科技
300989.SZ,蕾奥规划
002892.SZ,科力尔
600202.SS,哈空调
301487.SZ,盟固利
688022.SS,ST瀚川
688295.SS,中复神鹰
603233.SS,大参林
301630.SZ,同宇新材
300307.SZ,慈星股份
300456.SZ,赛微电子
301161.SZ,唯万密封
688122.SS,西部超导
301587.SZ,中瑞股份
000972.SZ,*ST中基
300207.SZ,欣旺达
688395.SS,正弦电气
603333.SS,尚纬股份
300556.SZ,丝路视觉
301061.SZ,匠心家居
600699.SS,均胜电子
000767.SZ,晋控电力
000036.SZ,华联控股
601019.SS,山东出版
300897.SZ,山科智能
001333.SZ,光华股份
000155.SZ,川能动力
605151.SS,西上海
001233.SZ,海安集团
000055.SZ,方大集团
300997.SZ,欢乐家
688805.SS,健信超导
002799.SZ,环球印务
300364.SZ,中文在线
301102.SZ,兆讯传媒
300435.SZ,中泰股份
603501.SS,豪威集团
000811.SZ,冰轮环境
003019.SZ,宸展光电
688041.SS,海光信息
688710.SS,益诺思
300682.SZ,朗新科技
300264.SZ,佳创视讯
603350.SS,安乃达
301002.SZ,崧盛股份
300535.SZ,达威股份
688141.SS,杰华特
300782.SZ,卓胜微
688610.SS,埃科光电
000911.SZ,*ST广糖
600361.SS,创新新材
601107.SS,四川成渝
000679.SZ,大连友谊
600261.SS,阳光照明
601007.SS,金陵饭店
600530.SS,交大昂立
000779.SZ,甘咨询
000028.SZ,国药一致
600787.SS,中储股份
300319.SZ,麦捷科技
300448.SZ,浩云科技
002202.SZ,金风科技
002553.SZ,南方精工
301499.SZ,维科精密
600892.SS,*ST大晟
300219.SZ,鸿利智汇
300548.SZ,长芯博创
301599.SZ,理奇智能
600992.SS,贵绳股份
002302.SZ,西部建设
002453.SZ,华软科技
600183.SS,生益科技
600234.SS,科新发展
605179.SS,一鸣食品
603529.SS,爱玛科技
601816.SS,京沪高铁
603278.SS,大业股份
688069.SS,德林海
003031.SZ,中瓷电子
002506.SZ,协鑫集成
000839.SZ,国安股份
603429.SS,*ST集友
603378.SS,*ST亚士
601916.SS,浙商银行
002406.SZ,远东传动
002357.SZ,富临运业
688638.SS,誉辰智能
688169.SS,石头科技
600418.SS,江淮汽车
000100.SZ,TCL科技
001366.SZ,播恩集团
000651.SZ,格力电器
601398.SS,工商银行
600518.SS,康美药业
600249.SS,两面针
601298.SS,青岛港
001266.SZ,宏英智能
000751.SZ,锌业股份
301157.SZ,华塑科技
300460.SZ,ST惠伦
603205.SS,健尔康
300331.SZ,苏大维格
301606.SZ,绿联科技
301057.SZ,汇隆新材
300560.SZ,中富通
300231.SZ,银信科技
603305.SS,旭升集团
688114.SS,华大智造
300086.SZ,康芝药业
688726.SS,拉普拉斯
301383.SZ,天键股份
688077.SS,大地熊
002518.SZ,科士达
002249.SZ,大洋电机
300403.SZ,汉宇集团
688591.SS,泰凌微
603266.SS,天龙股份
601808.SS,XD中海油
301665.SZ,泰禾股份
300352.SZ,ST信源
002418.SZ,康盛股份
000927.SZ,中国铁物
002349.SZ,精华制药
301283.SZ,聚胶股份
688626.SS,翔宇医疗
603680.SS,今创集团
688177.SS,百奥泰
300503.SZ,昊志机电
300252.SZ,金信诺
601908.SS,京运通
603366.SS,日出东方
000632.SZ,ST三木
603995.SS,甬金股份
603895.SS,天永智能
000063.SZ,中兴通讯
001205.SZ,盛航股份
605167.SS,利柏特
300198.SZ,*ST纳川
002565.SZ,顺灏股份
002234.SZ,民和股份
301149.SZ,隆华新材
301618.SZ,长联科技
002083.SZ,孚日股份
002465.SZ,海格通信
002334.SZ,英威腾
300098.SZ,高新兴
002183.SZ,怡 亚 通
301049.SZ,超越科技
601975.SS,招商南油
001378.SZ,德冠新材
600406.SS,国电南瑞
001278.SZ,一彬科技
003816.SZ,中国广核
600506.SS,统一股份
600257.SS,大湖股份
603899.SS,晨光股份
001209.SZ,洪兴股份
600226.SS,亨通股份
600577.SS,精达股份
000589.SZ,贵州轮胎
001309.SZ,德明利
600191.SS,华资实业
603999.SS,读者传媒
600326.SS,西藏天路
601611.SS,中国核建
600477.SS,杭萧钢构
002345.SZ,潮宏基
002414.SZ,高德红外
301038.SZ,深水规院
002245.SZ,蔚蓝锂芯
003023.SZ,彩虹集团
002514.SZ,*ST宝馨
301138.SZ,华研精机
000012.SZ,南  玻Ａ
605116.SS,奥锐特
605016.SS,百龙创园
002338.SZ,奥普光电
002469.SZ,三维化学
688106.SS,金宏气体
300094.SZ,国联水产
688657.SS,浩辰软件
300223.SZ,北京君正
603317.SS,天味食品
301045.SZ,天禄科技
300572.SZ,安车检测
300194.SZ,福安药业
688006.SS,杭可科技
688757.SS,胜科纳米
000856.SZ,冀东装备
002238.SZ,天威视讯
002569.SZ,*ST步森
603217.SS,元利科技
300323.SZ,华灿光电
300472.SZ,*ST新元
300240.SZ,飞力达
300511.SZ,雪榕生物
301026.SZ,浩通科技
000935.SZ,四川双马
688165.SS,埃夫特-U
301291.SZ,明阳电气
300340.SZ,科恒股份
300411.SZ,金盾股份
301126.SZ,达嘉维康
688583.SS,思看科技
688065.SS,凯赛生物
301391.SZ,卡莱特
600238.SS,*ST椰岛
600569.SS,安阳钢铁
000597.SZ,东北制药
603887.SS,城地香江
000720.SZ,新能泰山
001217.SZ,华尔泰
600338.SS,西藏珠峰
600469.SS,风神股份
000620.SZ,盈新发展
001317.SZ,三羊马
603987.SS,康德莱
002191.SZ,劲嘉股份
603309.SS,维力医疗
603458.SS,勘设股份
000948.SZ,南天信息
002326.SZ,永太科技
688118.SS,普元信息
603209.SS,兴通股份
603558.SS,健盛集团
002091.SZ,江苏国泰
688018.SS,乐鑫科技
002226.SZ,江南化工
000848.SZ,承德露露
002577.SZ,雷柏科技
003040.SZ,楚天龙
605108.SS,同庆楼
605008.SS,长鸿高科
600345.SS,长江通信
603169.SS,兰石重装
600961.SS,株冶集团
603638.SS,艾迪精密
688378.SS,奥来德
688429.SS,时创能源
002146.SZ,荣盛发展
002617.SZ,露笑科技
603069.SS,海汽集团
603738.SS,泰晶科技
600861.SS,北京人力
002046.SZ,国机精工
002717.SZ,*ST岭南
688278.SS,特宝生物
688529.SS,豪森智能
605368.SS,蓝天燃气
601512.SS,中新集团
600025.SS,华能水电
600774.SS,汉商集团
300919.SZ,中伟新材
002802.SZ,洪汇新材
600292.SS,电投水电
600125.SS,铁龙物流
300819.SZ,聚杰微纤
600674.SS,川投能源
605268.SS,王力安防
600392.SS,盛和资源
002902.SZ,铭普光磁
301517.SZ,陕西华达
300020.SZ,ST银江
300771.SZ,智莱科技
301246.SZ,宏源药业
688305.SS,科德数控
300120.SZ,经纬辉开
603014.SS,威高血净
300671.SZ,富满微
688205.SS,德科立
300397.SZ,天和防务
600058.SS,五矿发展
300964.SZ,本川智能
601089.SS,福元医药
600158.SS,中体产业
603950.SS,长源东谷
600609.SS,金杯汽车
300864.SZ,南大环境
000523.SZ,红棉股份
605376.SS,博迁新材
300907.SZ,康平科技
603833.SS,欧派家居
000423.SZ,东阿阿胶
603933.SS,睿能科技
300807.SZ,天迈科技
688366.SS,昊海生科
301092.SZ,争光股份
002158.SZ,汉钟精机
002609.SZ,捷顺科技
603177.SS,德创环保
300043.SZ,星辉娱乐
301225.SZ,恒勃股份
300712.SZ,永福股份
603626.SS,科森科技
688680.SS,海优新材
000981.SZ,山子高科
002058.SZ,*ST威尔
002709.SZ,天赐材料
688266.SS,泽璟制药-U
301192.SZ,泰祥股份
000881.SZ,中广核技
300143.SZ,盈康生命
603077.SS,和邦生物
603726.SS,朗迪集团
301325.SZ,曼恩斯特
300612.SZ,宣亚国际
002861.SZ,瀛通通讯
600717.SS,天津港
002961.SZ,瑞达期货
600617.SS,国新能源
300289.SZ,利德曼
002125.SZ,湘潭电化
002674.SZ,兴业科技
301509.SZ,金凯生科
301258.SZ,富士莱
002392.SZ,北京利尔
002025.SZ,航天电器
002774.SZ,快意电梯
300389.SZ,艾比森
002292.SZ,奥飞娱乐
301358.SZ,湖南裕能
600802.SS,福建水泥
002705.SZ,新宝股份
002054.SZ,德美化工
301329.SZ,信音电子
600873.SS,梅花生物
002605.SZ,姚记科技
002154.SZ,报 喜 鸟
600973.SS,宝胜股份
301229.SZ,纽泰格
301578.SZ,辰奕智能
600380.SS,健康元
002910.SZ,庄园牧场
600666.SS,奥瑞德
600137.SS,浪莎股份
000698.SZ,ST沈化
002810.SZ,山东赫达
600280.SS,中央商场
000798.SZ,中水渔业
601500.SS,通用股份
600037.SS,歌华有线
002778.SZ,中晟高科
002029.SZ,七 匹 狼
688217.SS,睿昂基因
300385.SZ,ST雪浪
603757.SS,大元泵业
300663.SZ,科蓝软件
300132.SZ,青松股份
603006.SS,联明股份
300285.SZ,国瓷材料
688317.SS,之江生物
002678.SZ,珠江钢琴
002129.SZ,TCL中环
300763.SZ,锦浪科技
603657.SS,春光科技
603106.SS,恒银科技
301505.SZ,苏州规划
300032.SZ,金龙机电
300876.SZ,蒙泰高新
000552.SZ,甘肃能化
300976.SZ,达瑞电子
600678.SS,ST金顶
300815.SZ,玉禾田
600129.SS,太极集团
000686.SZ,东北证券
000786.SZ,北新建材
300915.SZ,海融科技
600778.SS,友好集团
600029.SS,南方航空
000531.SZ,穗恒运Ａ
000893.SZ,亚钾国际
301337.SZ,亚华电子
300600.SZ,国瑞科技
300151.SZ,昌红科技
603065.SS,XD宿迁联
301180.SZ,万祥科技
603583.SS,捷昌驱动
688525.SS,佰维存储
301237.SZ,和顺科技
300700.SZ,岱勒新材
688692.SS,达梦数据
603165.SS,荣晟环保
300051.SZ,琏升科技
301566.SZ,达利凯普
000993.SZ,闽东电力
688425.SS,铁建重工
301080.SZ,百普赛斯
300868.SZ,杰美特
600605.SS,汇通能源
002973.SZ,侨银股份
605319.SS,无锡振华
300968.SZ,格林精密
600054.SS,黄山旅游
002873.SZ,新天药业
600810.SS,神马股份
603018.SS,华设集团
002766.SZ,索菱股份
002037.SZ,保利联合
688558.SS,国盛智科
688209.SS,英集芯
603118.SS,共进股份
002380.SZ,科远智慧
688458.SS,美芯晟
688309.SS,恒誉环保
002666.SZ,德联集团
002137.SZ,实益达
600101.SS,明星电力
600650.SS,锦江在线
603909.SS,建发合诚
000419.SZ,通程控股
002926.SZ,华西证券
603809.SS,豪能股份
600750.SS,华润江中
001299.SZ,美能能源
000519.SZ,中兵红箭
002826.SZ,易明医药
300179.SZ,四方达
300628.SZ,亿联网络
600845.SS,宝信软件
002584.SZ,西陇科学
002062.SZ,宏润建设
002733.SZ,雄韬股份
002484.SZ,江海股份
300079.SZ,数码视讯
002162.SZ,悦心健康
002633.SZ,申科股份
300840.SZ,酷特智能
605086.SS,龙高股份
300940.SZ,南极光
000564.SZ,供销大集
605186.SS,健麾信息
603030.SS,全筑股份
688096.SS,京源环保
600838.SS,上海九百
301362.SZ,民爆光电
300655.SZ,晶瑞电材
688221.SS,前沿生物-U
688570.SS,天玛智控
603130.SS,云中马
688196.SS,卓越新能
300004.SZ,南风股份
301533.SZ,威马农机
301262.SZ,海看股份
300755.SZ,华致酒行
603661.SS,恒林股份
600938.SS,中国海油
603387.SS,基蛋生物
688321.SS,微芯生物
300481.SZ,濮阳惠成
688513.SS,苑东生物
300167.SZ,ST迪威迅
603053.SS,成都燃气
300636.SZ,同和药业
301301.SZ,川宁生物
300581.SZ,晨曦航空
603153.SS,上海建科
301550.SZ,斯菱智驱
300067.SZ,安诺其
300736.SZ,百邦科技
301201.SZ,诚达药业
603602.SS,纵横通信
000407.SZ,胜利股份
002938.SZ,鹏鼎控股
001387.SZ,雪祺电气
603917.SS,合力科技
300823.SZ,建科智能
000507.SZ,珠海港
002838.SZ,道恩股份
601528.SS,瑞丰银行
300923.SZ,研奥股份
601279.SS,英利汽车
603817.SS,海峡环保
001287.SZ,中电港
603299.SS,苏盐井神
002001.SZ,新 和 成
688088.SS,虹软科技
600826.SS,兰生股份
002101.SZ,广东鸿图
002650.SZ,ST加加
603399.SS,永杉锂业
688188.SS,柏楚电子
600926.SS,杭州银行
002945.SZ,华林证券
605098.SS,行动教育
600162.SS,香江控股
600633.SS,浙数文化
600584.SS,长电科技
605198.SS,安德利
002845.SZ,同兴达
601555.SS,东吴证券
600062.SS,华润双鹤
600733.SS,北汽蓝谷
600742.SS,富维股份
601375.SS,中原证券
600642.SS,申能股份
600113.SS,浙江东日
002621.SZ,*ST美吉
002170.SZ,芭田股份
002496.SZ,*ST辉丰
601886.SS,江河集团
002721.SZ,金一文化
600857.SS,宁波中百
002596.SZ,海南瑞泽
600588.SS,用友网络
002849.SZ,威星智能
000576.SZ,甘化科工
300952.SZ,恒辉安防
603866.SS,桃李面包
601208.SS,东材科技
000090.SZ,天健集团
002949.SZ,华阳国际
600488.SS,津药药业
603966.SS,法兰泰克
300852.SZ,四会富仕
603395.SS,红四方
688333.SS,铂力特
301270.SZ,汉仪股份
300747.SZ,锐科激光
603122.SS,合富中国
688184.SS,ST帕瓦
300016.SZ,北陆药业
688562.SS,航天软件
688233.SS,神工股份
301696.SZ,三瑞智能
603773.SS,沃格光电
301370.SZ,国科恒泰
300647.SZ,超频三
300116.SZ,*ST保力
301421.SZ,波长光电
603022.SS,新通联
688084.SS,晶品特装
002488.SZ,金固股份
300724.SZ,捷佳伟创
301213.SZ,观想科技
603610.SS,麒盛科技
300075.SZ,数字政通
688401.SS,路维光电
300593.SZ,新雷能
688350.SS,富淼科技
601998.SS,中信银行
300624.SZ,万兴科技
301313.SZ,凡拓数创
300175.SZ,朗源股份
603041.SS,美思德
002588.SZ,史丹利
300493.SZ,润欣科技
688501.SS,青达环保
601898.SS,中煤能源
300931.SZ,通用电梯
001395.SZ,亚联机械
300831.SZ,ST派瑞
000415.SZ,渤海租赁
300759.SZ,康龙化成
300008.SZ,天海防务
002642.SZ,荣联科技
300659.SZ,中孚信息
600834.SS,申通地铁
002742.SZ,三圣股份
600721.SS,百花医药
601216.SS,君正集团
603878.SS,XD武进不
600596.SS,XD新安股
002857.SZ,三晖电气
000568.SZ,泸州老窖
603978.SS,深圳新星
600621.SS,华鑫股份
600170.SS,上海建工
002957.SZ,科瑞技术
600496.SS,精工钢构
000016.SZ,*ST康佳A
001270.SZ,铖昌科技
001696.SZ,宗申动力
601139.SS,深圳燃气
601668.SS,中国建筑
000952.SZ,广济药业
688653.SS,康希通信
688102.SS,斯瑞新材
301041.SZ,金百泽
300576.SZ,容大感光
603313.SS,梦百合
300227.SZ,光韵达
688002.SS,睿创微纳
300190.SZ,维尔利
000852.SZ,石化机械
301141.SZ,中科磁业
300476.SZ,胜宏科技
300327.SZ,中颖电子
603213.SS,镇洋发展
600095.SS,湘财股份
600573.SS,惠泉啤酒
600222.SS,太龙药业
605589.SS,圣泉集团
600195.SS,中牧股份
600322.SS,津投城开
601615.SS,明阳智能
002410.SZ,广联达
603688.SS,石英股份
688499.SS,利元亨
601900.SS,南方传媒
603788.SS,宁波高发
003027.SZ,同兴科技
002510.SZ,天汽模
002241.SZ,歌尔股份
688599.SS,天合光能
601800.SS,中国交建
002195.SZ,岩山科技
300568.SZ,星源材质
300239.SZ,东宝生物
601963.SS,重庆银行
002322.SZ,理工能科
300468.SZ,四方精创
300339.SZ,润和软件
002095.SZ,生 意 宝
002573.SZ,清新环境
002222.SZ,福晶科技
600510.SS,黑牡丹
600241.SS,时代万恒
000008.SZ,神州高铁
000759.SZ,中百集团
600410.SS,华胜天成
601127.SS,赛力斯
000659.SZ,珠海中富
601390.SS,中国中铁
300515.SZ,三德科技
301022.SZ,海泰科
603421.SS,鼎信通讯
603370.SS,华新精科
300244.SZ,迪安诊断
000931.SZ,中 关 村
688630.SS,芯碁微装
603696.SS,安记食品
301295.SZ,美硕科技
688161.SS,威高骨科
300415.SZ,伊之密
301122.SZ,采纳股份
300344.SZ,立方退
603270.SS,金帝股份
301395.SZ,仁信新材
688061.SS,灿瑞科技
003039.SZ,顺控发展
000831.SZ,中国稀土
000593.SZ,德龙汇能
603883.SS,老百姓
001213.SZ,中铁特货
001313.SZ,粤海饲料
603983.SS,丸美生物
000655.SZ,金岭矿业
605100.SS,华丰股份
000755.SZ,山西高速
000004.SZ,*ST国华
300335.SZ,迪森股份
301602.SZ,超研股份
603201.SS,常润股份
301153.SZ,中科江南
300464.SZ,星徽股份
002099.SZ,海翔药业
688010.SS,福光股份
300182.SZ,捷成股份
002199.SZ,*ST东晶
603301.SS,振德医疗
300235.SZ,方直科技
301053.SZ,远信工业
300564.SZ,筑博设计
300082.SZ,奥克股份
688110.SS,东芯股份
600330.SS,天通股份
601607.SS,上海医药
601156.SS,东航物流
600461.SS,洪城环境
000628.SZ,高新发展
600187.SS,*ST国中
600230.SS,沧州大化
600561.SS,江西长运
000728.SZ,国元证券
300348.SZ,长亮科技
300419.SZ,ST浩丰
301399.SZ,英特科技
002253.SZ,*ST智胜
003035.SZ,南网能源
300248.SZ,新开普
300519.SZ,新光药业
002353.SZ,杰瑞股份
002402.SZ,和而泰
301299.SZ,卓创资讯
002230.SZ,科大讯飞
002561.SZ,徐家汇
002330.SZ,得利斯
002461.SZ,珠江啤酒
002187.SZ,广百股份
600353.SS,旭光电子
600502.SS,安徽建工
688073.SS,毕得医药
301387.SZ,光大同创
688722.SS,同益中
000823.SZ,超声电子
603262.SS,技源集团
688595.SS,芯海科技
603533.SS,掌阅科技
300407.SZ,凯发电气
301130.SZ,西点药业
000923.SZ,河钢资源
688173.SS,希荻微
688622.SS,*ST禾信
301287.SZ,康力源
300256.SZ,星星科技
300507.SZ,苏奥传感
301030.SZ,*ST仕净
000636.SZ,风华高科
001301.SZ,尚太科技
600199.SS,金种子酒
603991.SS,领先股份
601619.SS,嘉泽新能
600099.SS,林海股份
000736.SZ,中交地产
001201.SZ,东瑞股份
000581.SZ,威孚高科
002549.SZ,凯美特气
002218.SZ,拓日新能
000876.SZ,新 希 望
688777.SS,中控技术
600888.SS,新疆众和
688026.SS,洁特生物
603080.SS,新疆火炬
603566.SS,普莱柯
300452.SZ,山河药辅
301165.SZ,锐捷网络
300303.SZ,聚飞光电
688291.SS,金橙子
603237.SS,五芳斋
688677.SS,海泰新光
600988.SS,赤峰黄金
688126.SS,沪硅产业
603180.SS,金牌家居
002449.SZ,国星光电
002318.SZ,久立特材
300552.SZ,万集科技
301065.SZ,本立科技
603466.SS,风语筑
688391.SS,钜泉科技
603337.SS,XD杰克科
300203.SZ,聚光科技
000663.SZ,永安林业
000032.SZ,深桑达Ａ
605136.SS,丽人丽妆
002534.SZ,西子洁能
003003.SZ,天元股份
002265.SZ,建设工业
300698.SZ,万马科技
002783.SZ,凯龙股份
301118.SZ,恒光股份
300798.SZ,锦鸡股份
002434.SZ,万里扬
002365.SZ,永安药业
301018.SZ,申菱环境
002683.SZ,广东宏大
002996.SZ,顺博合金
001229.SZ,魅视科技
002896.SZ,中大力德
600557.SS,康缘药业
600206.SS,有研新材
600365.SS,ST通葡
605028.SS,世茂能源
600683.SS,京投发展
605128.SS,上海沿浦
601003.SS,柳钢股份
600265.SS,*ST景谷
600783.SS,鲁信创投
603578.SS,三星新材
603229.SS,奥翔药业
002557.SZ,洽洽食品
000868.SZ,安凯客车
002206.SZ,海 利 得
688038.SS,中科通达
603329.SS,上海雅仕
688669.SS,聚石化学
600996.SS,贵广网络
688138.SS,清溢光电
002457.SZ,青龙管业
002306.SZ,*ST云网
000968.SZ,蓝焰控股
600449.SS,宁夏建材
600318.SS,新力金融
002988.SZ,豪美新材
605055.SS,迎丰股份
300893.SZ,松原安全
000151.SZ,中成股份
001337.SZ,四川黄金
000600.SZ,建投能源
605155.SS,西大门
002888.SZ,惠威科技
600549.SS,XD厦门钨
600218.SS,全柴动力
000700.SZ,模塑科技
300993.SZ,玉马科技
601598.SS,中国外运
603505.SS,金石资源
301106.SZ,骏成科技
300360.SZ,炬华科技
000815.SZ,美利云
300686.SZ,智动力
688045.SS,必易微
301006.SZ,迈拓股份
300531.SZ,优博讯
300260.SZ,新莱应材
300786.SZ,国林科技
000915.SZ,华特达因
688383.SS,新益昌
603325.SS,博隆技术
300211.SZ,*ST亿通
300540.SZ,蜀道装备
301077.SZ,星华新材
301591.SZ,肯特股份
603192.SS,汇得科技
688665.SS,四方光电
301626.SZ,苏州天脉
300311.SZ,ST任子行
688283.SS,坤恒顺维
603225.SS,新凤鸣
300440.SZ,运达科技
301177.SZ,迪阿股份
603092.SS,德力佳
301491.SZ,汉桑科技
688765.SS,禾元生物-U
600269.SS,赣粤高速
600538.SS,国发股份
000020.SZ,深华发Ａ
600369.SS,西南证券
600438.SS,通威股份
603358.SS,华达科技
603409.SS,汇通控股
002691.SZ,*ST冀凯
688618.SS,三旺通信
000919.SZ,金陵药业
002377.SZ,国创高新
002426.SZ,胜利精密
002791.SZ,坚朗五金
603258.SS,电魂网络
002277.SZ,友阿股份
000819.SZ,岳阳兴长
002526.SZ,山东矿机
003011.SZ,海象新材
688049.SS,炬芯科技
688718.SS,唯赛勃
002884.SZ,凌霄泵业
600545.SS,卓郎智能
002984.SZ,森麒麟
001258.SZ,立新能源
600791.SS,京能置业
601011.SS,宝泰隆
600526.SS,菲达环保
600691.SS,潞化科技
001358.SZ,兴欣新材
600377.SS,宁沪高速
601111.SS,中国国航
600426.SS,华鲁恒升
600984.SS,建设机械
002314.SZ,南山控股
002445.SZ,中南文化
301069.SZ,凯盛新材
002214.SZ,*ST大立
002545.SZ,东方铁塔
600884.SS,杉杉股份
301638.SZ,南网数字
301169.SZ,零点有数
001225.SZ,和泰机电
000712.SZ,锦龙股份
688813.SS,泰金新能
300981.SZ,中红医疗
300881.SZ,盛德鑫泰
001325.SZ,元创股份
000612.SZ,焦作万方
688157.SS,松井股份
688606.SS,奥泰生物
002369.SZ,卓翼科技
002438.SZ,江苏神通
601928.SS,凤凰传媒
300272.SZ,开能健康
300523.SZ,辰安科技
000807.SZ,云铝股份
002269.SZ,美邦服饰
002538.SZ,ST司特
688057.SS,金达莱
300694.SZ,蠡湖股份
601828.SS,美凯龙
603517.SS,ST绝味
300423.SZ,昇辉科技
000572.SZ,海马汽车
300956.SZ,英力股份
605090.SS,九丰能源
300856.SZ,科思股份
002109.SZ,ST兴化
002658.SZ,雪迪龙
603391.SS,力聚热能
688337.SS,普源精电
688466.SS,金科环境
300012.SZ,华测检测
301525.SZ,儒竞科技
603126.SS,中材节能
688180.SS,君实生物-U
603677.SS,奇精机械
300743.SZ,天地数码
603291.SS,联合水务
688237.SS,超卓航科
688566.SS,吉贝尔
002009.SZ,天奇股份
002758.SZ,浙农股份
603026.SS,石大胜华
688080.SS,映翰通
300112.SZ,万讯自控
300643.SZ,万通智控
603777.SS,来伊份
002830.SZ,名雕股份
600017.SS,日照港
600746.SS,江苏索普
002930.SZ,宏川智慧
600117.SS,西宁特钢
002174.SZ,游族网络
002625.SZ,光启技术
300589.SZ,江龙船艇
002492.SZ,恒基达鑫
301558.SZ,三态股份
301209.SZ,联合化学
601882.SS,海天精工
300489.SZ,光智科技
002074.SZ,国轩高科
002725.SZ,跃岭股份
301458.SZ,钧崴电子
600853.SS,龙建股份
301309.SZ,万得凯
002592.SZ,ST八菱
603138.SS,海量数据
600930.SS,华电新能
603669.SS,灵康药业
002117.SZ,东港股份
002646.SZ,天佑德酒
688329.SS,艾隆科技
688478.SS,晶升股份
603038.SS,华立股份
600830.SS,香溢融通
688229.SS,博睿数据
688578.SS,艾力斯
002017.SZ,东信和平
002746.SZ,仙坛股份
300948.SZ,冠中生态
600725.SS,云维股份
601212.SS,白银有色
605339.SS,南侨食品
600592.SS,龙溪股份
002853.SZ,皮阿诺
300848.SZ,美瑞新材
002953.SZ,日丰股份
300071.SZ,福石控股
300720.SZ,海川智能
301217.SZ,铜冠铜箔
300597.SZ,吉大通信
603045.SS,XD福达合
301446.SZ,福事特
300171.SZ,东富龙
300620.SZ,光库科技
301317.SZ,鑫磊股份
688505.SS,复旦张江
300497.SZ,富祥股份
600009.SS,上海机场
600758.SS,辽宁能源
603801.SS,志邦家居
300935.SZ,盈建科
601789.SS,宁波建工
001391.SZ,国货航
600109.SS,国金证券
300835.SZ,龙磁科技
603901.SS,永创智能
600658.SS,电子城
000411.SZ,英特集团
601689.SS,拓普集团
300844.SZ,山水比德
600629.SS,华建集团
603970.SS,中农立华
600178.SS,东安动力
600729.SS,重百集团
600078.SS,澄星股份
000560.SZ,我爱我家
301366.SZ,一博科技
300651.SZ,金陵体育
688092.SS,爱科科技
300100.SZ,双林股份
301680.SZ,固德电材
603283.SS,赛腾股份
688225.SS,亚信安全
603665.SS,康隆达
301266.SZ,宇邦新材
300751.SZ,迈为股份
688192.SS,迪哲医药-U
603383.SS,顶点软件
688325.SS,赛微微电
600654.SS,中安科
300839.SZ,博汇股份
600105.SS,永鼎股份
002922.SZ,伊戈尔
300939.SZ,秋田微
600754.SS,锦江酒店
002822.SZ,ST中装
600841.SS,动力新科
603718.SS,*ST海利
603049.SS,中策橡胶
002580.SZ,圣阳股份
688509.SS,正元地信
688258.SS,卓易信息
601890.SS,亚星锚链
002737.SZ,葵花药业
002066.SZ,瑞泰科技
002480.SZ,新筑股份
603618.SS,杭电股份
600941.SS,中国移动
002637.SZ,赞宇科技
002166.SZ,莱茵生物
688409.SS,富创精密
688358.SS,祥生医疗
601990.SS,南京证券
002005.SZ,ST德豪
600822.SS,上海物贸
301378.SZ,通达海
301429.SZ,森泰股份
002654.SZ,万润科技
002105.SZ,信隆健康
301278.SZ,快可电子
301529.SZ,福赛科技
002941.SZ,新疆交建
600480.SS,凌云股份
600637.SS,东方明珠
600166.SS,福田汽车
600580.SS,卧龙电驱
002841.SZ,视源股份
600737.SS,中粮糖业
601200.SS,上海环境
600066.SS,宇通客车
688517.SS,金冠电气
300485.SZ,赛升药业
688246.SS,嘉和美康
002729.SZ,好利科技
002078.SZ,太阳纸业
300632.SZ,光莆股份
301305.SZ,朗坤科技
603706.SS,XD东方环
603057.SS,紫燕食品
300163.SZ,先锋新材
002629.SZ,仁智股份
002178.SZ,延华智能
300585.SZ,奥联电子
603606.SS,东方电缆
300732.SZ,设研院
301205.SZ,联特科技
300063.SZ,天龙集团
000403.SZ,派林生物
605507.SS,国邦医药
300827.SZ,上能电气
000503.SZ,国新健康
603813.SS,*ST原尚
300927.SZ,江天化学
001283.SZ,豪鹏科技
300381.SZ,溢多利
688213.SS,思特威-W
603002.SS,宏昌电子
300136.SZ,信维通信
300667.SZ,必创科技
688313.SS,XD仕佳光
300281.SZ,金明精机
301501.SZ,恒鑫生活
300036.SZ,超图软件
603102.SS,百合股份
300767.SZ,震安科技
002969.SZ,嘉美包装
300872.SZ,天阳科技
601328.SS,交通银行
002869.SZ,金溢科技
605303.SS,园林股份
601579.SS,会稽山
601228.SS,广州港
300972.SZ,万辰集团
002050.SZ,三花智控
002701.SZ,奥瑞金
603599.SS,广信股份
000889.SZ,中嘉博创
600877.SS,电科芯片
688788.SS,科思科技
603499.SS,翔港科技
002150.SZ,正泰电源
002601.SZ,龙佰集团
600977.SS,中国电影
000989.SZ,九芝堂
600133.SS,东湖高新
600662.SS,外服控股
600284.SS,浦东建设
600033.SS,福建高速
600150.SS,中国船舶
601336.SS,新华保险
600601.SS,方正科技
603958.SS,哈森股份
002977.SZ,*ST天箭
600050.SS,中国联通
601567.SS,三星电气
603858.SS,步长制药
601236.SS,红塔证券
000548.SZ,湖南投资
002877.SZ,智能自控
002284.SZ,亚太股份
300128.SZ,锦富技术
600814.SS,杭州解百
300679.SZ,电连技术
002033.SZ,丽江股份
002762.SZ,*ST金比
300779.SZ,惠城环保
002384.SZ,东山精密
002133.SZ,广宇集团
002662.SZ,峰璟股份
300811.SZ,铂科新材
000682.SZ,东方电子
000782.SZ,恒申新材
603825.SS,ST华扬
300911.SZ,亿田智能
000897.SZ,津滨发展
603061.SS,金海通
300155.SZ,安居宝
301333.SZ,诺思格
300604.SZ,长川科技
600869.SS,远东股份
603730.SS,岱美股份
688796.SS,百奥赛图
688270.SS,ST臻镭
603587.SS,地素时尚
688521.SS,芯原股份
300055.SZ,万邦达
603161.SS,科华控股
603630.SS,拉芳家化
600969.SS,郴电国际
688696.SS,极米科技
301233.SZ,盛帮股份
000997.SZ,新 大 陆
688370.SS,丛麟科技
600918.SS,中泰证券
300775.SZ,三角防务
301513.SZ,尚水智能
300024.SZ,机器人
603110.SS,东方材料
002388.SZ,新亚制程
688450.SS,光格科技
688301.SS,奕瑞科技
300293.SZ,蓝英装备
300675.SZ,建科院
600818.SS,ST中路
603010.SS,万盛股份
301413.SZ,安培龙
300124.SZ,汇川技术
688550.SS,瑞联新材
300393.SZ,中来股份
688201.SS,ST信安
300960.SZ,通业科技
000544.SZ,中原环保
300860.SZ,锋尚文化
300708.SZ,聚灿光电
600965.SS,*ST福成
300059.SZ,东方财富
301088.SZ,戎美股份
002613.SZ,北玻股份
002142.SZ,宁波银行
600865.SS,百大集团
300608.SZ,思特奇
300159.SZ,*ST新研
002713.SZ,*ST东易
002042.SZ,华孚时尚
301188.SZ,力诺药包
600770.SS,综艺股份
603829.SS,洛凯股份
600021.SS,上海电力
002806.SZ,华锋股份
000539.SZ,粤电力Ａ
603929.SS,亚翔集成
600121.SS,郑州煤电
600396.SS,华电辽能
002906.SZ,华阳集团
002865.SZ,钧达股份
600713.SS,南京医药
002965.SZ,祥鑫科技
600613.SS,神奇制药
002670.SZ,国盛证券
002121.SZ,科陆电子
600906.SS,财达证券
002396.SZ,星网锐捷
002021.SZ,中捷资源
002296.SZ,辉煌科技
002818.SZ,富森美
600288.SS,大恒科技
000790.SZ,华神科技
300903.SZ,科翔股份
600388.SS,龙净环保
002918.SZ,蒙娜丽莎
300803.SZ,指南针
603937.SS,丽岛新材
000690.SZ,宝新能源
301096.SZ,百诚医药
688433.SS,华曙高科
688362.SS,甬矽电子
301221.SZ,光庭信息
300716.SZ,*ST泉为
300047.SZ,天源迪科
603173.SS,福斯达
000985.SZ,大庆华科
603595.SS,ST东尼
688533.SS,上声电子
301196.SZ,唯科科技
688262.SS,国芯科技
000885.SZ,城发环境
301321.SZ,翰博高新
300616.SZ,尚品宅配
603722.SS,阿科力
603073.SS,彩蝶实业
300147.SZ,*ST香雪
002943.SZ,宇晶股份
600482.SS,中国动力
300858.SZ,科拓生物
600635.SS,大众公用
600582.SS,天地科技
002843.SZ,泰嘉股份
600735.SS,ST新华锦
300958.SZ,建工修复
600064.SS,南京高科
688568.SS,中科星图
688239.SS,航宇科技
002756.SZ,永兴材料
002007.SZ,华兰生物
600820.SS,隧道股份
603779.SS,威龙股份
603028.SS,赛福天
002656.SZ,*ST摩登
002107.SZ,沃华医药
688468.SS,科美诊断
688339.SS,亿华通-U
603679.SS,华体科技
603128.SS,华贸物流
000401.SZ,金隅冀东
601699.SS,潞安环能
600648.SS,外高桥
300825.SZ,阿尔特
600119.SS,*ST长投
601799.SS,星宇股份
000501.SZ,武商集团
300925.SZ,法本信息
603811.SS,诚意药业
600748.SS,上实发展
600019.SS,宝钢股份
300487.SZ,蓝晓科技
688515.SS,裕太微-U
688244.SS,永信至诚
001872.SZ,招商港口
301307.SZ,美利信
300161.SZ,华中数控
301456.SZ,盘古智能
603055.SS,台华新材
300587.SZ,天铁科技
301207.SZ,华兰疫苗
300730.SZ,科创信息
603155.SS,新亚强
300061.SZ,旗天科技
301556.SZ,托普云农
603767.SS,中马传动
300653.SZ,正海生物
300102.SZ,乾照光电
603036.SS,如通股份
688090.SS,瑞松科技
688576.SS,西山科技
603281.SS,江瀚新材
688227.SS,品高股份
301682.SZ,宏明电子
002748.SZ,世龙实业
002019.SZ,亿帆医药
300753.SZ,爱朋医疗
603667.SS,五洲新春
603136.SS,天目湖
688190.SS,XD云路股
301535.SZ,浙江华远
300002.SZ,神州泰岳
002648.SZ,卫星化学
002119.SZ,康强电子
603381.SS,永臻股份
688327.SS,云从科技-UW
605566.SS,福莱蒽特
300846.SZ,首都在线
605080.SS,浙江自然
000333.SZ,美的集团
300946.SZ,恒而达
605337.SS,李子园
605180.SS,华生科技
301319.SZ,唯特偶
600843.SS,上工申贝
301448.SZ,开创电气
002582.SZ,好想你
300499.SZ,高澜股份
002735.SZ,王子新材
002064.SZ,华峰化学
002482.SZ,广田集团
301219.SZ,腾远钴业
301548.SZ,崇德科技
002635.SZ,安洁科技
002164.SZ,宁波东力
300599.SZ,雄塑科技
601992.SS,金隅集团
600107.SS,*ST尔雅
002920.SZ,德赛西威
600756.SS,浪潮软件
600007.SS,中国国贸
002820.SZ,桂发祥
600076.SS,康欣新材
600727.SS,鲁北化工
000088.SZ,盐 田 港
600590.SS,泰豪科技
002851.SZ,麦格米特
600176.SS,中国巨石
002951.SZ,金时科技
600490.SS,鹏欣资源
301539.SZ,宏鑫科技
301268.SZ,铭利达
002115.SZ,三维通信
002644.SZ,佛慈制药
301439.SZ,泓淋电力
301368.SZ,丰立智能
002015.SZ,协鑫能科
300937.SZ,药易购
603803.SS,瑞斯康达
000513.SZ,丽珠集团
603903.SS,中持股份
300837.SZ,浙矿股份
300073.SZ,当升科技
301215.SZ,中汽股份
300722.SZ,新余国科
603616.SS,韩建河山
002168.SZ,ST惠程
002639.SZ,雪人集团
688356.SS,键凯科技
300595.SZ,欧普康视
300173.SZ,ST福能
603716.SS,塞力医疗
301315.SZ,威士顿
300622.SZ,博士眼镜
688256.SS,寒武纪
300495.SZ,*ST美尚
688507.SS,索辰科技
002068.SZ,黑猫股份
002739.SZ,儒意电影
603393.SS,新天然气
688335.SS,XD复洁科
603124.SS,江南新材
688182.SS,灿勤科技
300010.SZ,ST豆神
300741.SZ,华宝股份
301276.SZ,嘉曼服饰
603293.SS,埃泰克
688235.SS,百济神州
300110.SZ,华仁药业
688082.SS,盛美上海
300641.SZ,正丹股份
301376.SZ,致欧科技
000570.SZ,苏常柴Ａ
600739.SS,辽宁成大
603860.SS,中公高科
000096.SZ,广聚能源
600168.SS,武汉控股
603960.SS,克来机电
600639.SS,浦东金桥
300854.SZ,中兰环保
002176.SZ,江特电机
002627.SZ,三峡旅游
688348.SS,昱能科技
688419.SS,耐科装备
002490.SZ,山东墨龙
603159.SS,上海亚虹
603608.SS,天创时尚
688248.SS,南网科技
601880.SS,辽港股份
688519.SS,南亚新材
002076.SZ,*ST星光
002727.SZ,一心堂
603059.SS,倍加洁
603708.SS,家家悦
600851.SS,海欣股份
002590.SZ,万安科技
002832.SZ,比音勒芬
600015.SS,华夏银行
600744.SS,华银电力
300929.SZ,华骐环保
605358.SS,立昂微
002932.SZ,*ST明德
605258.SS,协和电子
600115.SS,中国东航
300829.SZ,金丹科技
600644.SS,乐山电力
002672.SZ,东江环保
002123.SZ,梦网科技
300769.SZ,德方纳米
002394.SZ,联发股份
002772.SZ,众兴菌业
002023.SZ,海特高新
002294.SZ,信立泰
300669.SZ,沪宁股份
300138.SZ,晨光生物
002867.SZ,周大生
000558.SZ,天府文旅
600711.SS,盛屯矿业
601226.SS,华电科工
603848.SS,好太太
601577.SS,长沙银行
002967.SZ,广电计量
603948.SS,建业股份
600611.SS,大众交通
601326.SS,秦港股份
688360.SS,德马科技
301223.SZ,中荣股份
600979.SS,广安爱众
688686.SS,奥普特
603171.SS,税友股份
300045.SZ,华力创通
000987.SZ,越秀资本
688531.SS,日联科技
688260.SS,昀冢科技
000887.SZ,中鼎股份
600879.SS,航天电子
688786.SS,悦安新材
300614.SZ,百川畅银
301323.SZ,新莱福
300145.SZ,南方泵业
603071.SS,物产环能
000525.SZ,红太阳
000792.SZ,盐湖股份
300901.SZ,中胤时尚
000425.SZ,徐工机械
300801.SZ,泰和科技
000692.SZ,惠天热电
300962.SZ,中金辐照
603856.SS,东宏股份
601238.SS,广汽集团
002879.SZ,长缆科技
000546.SZ,金圆股份
603956.SS,威派格
300862.SZ,蓝盾光电
002979.SZ,雷赛智能
300777.SZ,中简科技
603112.SS,华翔股份
300026.SZ,红日药业
301511.SZ,德福科技
300291.SZ,百纳千成
688303.SS,大全能源
300677.SZ,英科医疗
300126.SZ,锐奇股份
603012.SS,创力集团
688552.SS,航天南湖
688203.SS,海正生材
300391.SZ,长药退
600023.SS,浙能电力
600123.SS,兰花科创
600967.SS,内蒙一机
688698.SS,伟创电气
000999.SZ,华润三九
603489.SS,八方股份
002611.SZ,东方精工
002140.SZ,东华科技
000899.SZ,赣能股份
600867.SS,通化东宝
688798.SS,艾为电子
002040.SZ,南 京 港
603589.SS,口子窖
002286.SZ,保龄宝
600816.SS,建元信托
002031.SZ,巨轮智能
002760.SZ,凤形股份
600916.SS,中国黄金
002386.SZ,天原股份
002131.SZ,利欧股份
002660.SZ,茂硕电源
600152.SS,维科技术
600603.SS,广汇物流
002975.SZ,博杰股份
600052.SS,东望时代
600703.SS,三安光电
002875.SZ,安奈儿
601083.SS,锦江航运
000895.SZ,双汇发展
300157.SZ,新锦动力
603063.SS,禾望电气
300606.SZ,金太阳
301331.SZ,恩威医药
688272.SS,富吉瑞
301186.SZ,超达装备
603585.SS,苏利股份
688523.SS,航天环宇
603163.SS,圣晖集成
301560.SZ,众捷汽车
300057.SZ,万顺新材
300706.SZ,阿石创
301231.SZ,荣信文化
000995.SZ,皇台酒业
688372.SS,伟测科技
301086.SZ,鸿富瀚
603927.SS,中科软
688981.SS,中芯国际
300813.SZ,泰林生物
000680.SZ,山推股份
600398.SS,海澜之家
002908.SZ,德生科技
601518.SS,吉林高速
300913.SZ,兆龙互连
000537.SZ,绿发电力
002808.SZ,*ST恒久
600298.SS,安琪酵母
300870.SZ,欧陆通
000554.SZ,泰山石油
300970.SZ,华绿生物
688211.SS,中科微至
300383.SZ,光环新网
002298.SZ,中电鑫龙
300134.SZ,大富科技
603000.SS,人民网
600808.SS,马钢股份
300665.SZ,飞鹿股份
300283.SZ,温州宏丰
688311.SS,盟升电子
603100.SS,川仪股份
300034.SZ,钢研高纳
301503.SZ,智迪科技
301252.SZ,同星科技
300765.SZ,新诺威
600908.SS,无锡银行
002398.SZ,垒知集团
600386.SS,北巴传媒
000429.SZ,粤高速Ａ
002916.SZ,深南电路
600131.SS,国网信通
600660.SS,福耀玻璃
603939.SS,益丰药房
000529.SZ,广弘控股
002816.SZ,*ST和科
600031.SS,三一重工
603839.SS,安正时尚
600760.SS,中航沈飞
002052.SZ,同洲电子
002703.SZ,浙江世宝
301198.SZ,喜悦智行
300149.SZ,睿智医药
300618.SZ,寒锐钴业
600875.SS,东方电气
301098.SZ,金埔园林
002152.SZ,广电运通
002603.SZ,以岭药业
300049.SZ,福瑞医科
600975.SS,新五丰
300718.SZ,长盛轴承
600351.SS,亚宝药业
601666.SS,平煤股份
601137.SS,博威合金
600400.SS,红豆股份
600251.SS,冠农股份
601766.SS,中国中车
600500.SS,中化国际
002232.SZ,启明信息
002563.SZ,森马服饰
300329.SZ,海伦钢琴
300478.SZ,杭州高新
002085.SZ,万丰奥威
002332.SZ,仙琚制药
002463.SZ,沪电股份
002185.SZ,华天科技
300229.SZ,拓尔思
300578.SZ,会畅科技
603993.SS,洛阳钼业
603893.SS,瑞芯微
001203.SZ,大中矿业
000065.SZ,北方国际
688071.SS,华依科技
688720.SS,艾森股份
603786.SS,科博达
000821.SZ,ST京机
003029.SZ,吉大正元
603260.SS,合盛硅业
300354.SZ,东华测试
301132.SZ,满坤科技
300405.SZ,科隆股份
688597.SS,煜邦电力
000921.SZ,海信家电
688171.SS,纬德信息
301285.SZ,鸿日达
688620.SS,安凯微
603686.SS,福龙马
300254.SZ,仟源医药
603360.SS,百傲化学
301032.SZ,新柴股份
300505.SZ,川金诺
603203.SS,快克智能
301600.SZ,慧翰股份
300337.SZ,银邦股份
300466.SZ,赛摩智能
301151.SZ,冠龙节能
300180.SZ,华峰超纤
688012.SS,中微公司
300237.SZ,ST美晨
603303.SS,得邦照明
300566.SZ,激智科技
301051.SZ,信濠光电
688112.SS,鼎阳科技
300080.SZ,易成新能
601678.SS,滨化股份
000657.SZ,中钨高新
001360.SZ,南矿集团
601778.SS,晶科科技
000757.SZ,浩物股份
001260.SZ,坤泰股份
000006.SZ,深振业Ａ
688589.SS,力合微
603798.SS,康普顿
002251.SZ,步步高
002500.SZ,山西证券
003037.SZ,三和管桩
688489.SS,三未信安
002351.SZ,漫步者
002400.SZ,省广集团
603698.SS,航天工程
600332.SS,白云山
600463.SS,空港股份
605599.SS,XD菜百股
600185.SS,珠免集团
600232.SS,金鹰股份
600563.SS,法拉电子
600085.SS,同仁堂
605499.SS,东鹏饮料
600512.SS,腾达建设
600243.SS,*ST海华
600343.SS,航天动力
002197.SZ,证通电子
002471.SZ,中超控股
002320.SZ,海峡股份
002097.SZ,山河智能
002571.SZ,德力股份
601058.SS,赛轮轮胎
000591.SZ,太阳能
603881.SS,数据港
600089.SS,特变电工
001211.SZ,双枪科技
000726.SZ,鲁  泰Ａ
601158.SS,重庆水务
601609.SS,金田股份
001311.SZ,多利科技
000626.SZ,远大控股
600189.SS,泉阳泉
688485.SS,九州一轨
301020.SZ,密封科技
300517.SZ,海波重科
300246.SZ,宝莱特
000933.SZ,神火股份
301297.SZ,富乐德
688163.SS,赛伦生物
301120.SZ,新特电气
300417.SZ,南华仪器
688585.SS,上纬新材
603272.SS,*ST联翔
300346.SZ,南大光电
301397.SZ,溯联股份
688063.SS,派能科技
000833.SZ,粤桂股份
000950.SZ,重药控股
688651.SS,盛邦安全
688100.SS,威胜信息
300092.SZ,科新机电
002189.SZ,中光学
301043.SZ,绿岛风
300225.SZ,金力泰
603311.SS,金海高科
300192.SZ,科德教育
000850.SZ,华茂股份
300474.SZ,景嘉微
603211.SS,晋拓股份
000014.SZ,沙河股份
002412.SZ,汉森制药
002343.SZ,慈文传媒
301289.SZ,国缆检测
300509.SZ,新美星
300258.SZ,精锻科技
301389.SZ,隆扬电子
002512.SZ,ST达华
003025.SZ,思进智能
002243.SZ,力合科创
300409.SZ,道氏技术
300358.SZ,楚天科技
600097.SS,开创国际
000069.SZ,华侨城Ａ
000738.SZ,航发控制
600571.SS,信雅达
601717.SS,中创智领
000638.SZ,*ST万方
600197.SS,伊力特
600320.SS,振华重工
688128.SS,中国电研
688679.SS,通源环境
600986.SS,浙文互联
000978.SZ,桂林旅游
002316.SZ,亚联发展
603339.SS,四方科技
002216.SZ,三全食品
000878.SZ,云南铜业
002547.SZ,*ST春兴
688028.SS,沃尔德
688779.SS,五矿新能
600886.SS,国投电力
603239.SS,浙江仙通
601857.SS,中国石油
603568.SS,伟明环保
600793.SS,宜宾纸业
605138.SS,盛泰集团
600693.SS,东百集团
600375.SS,汉马科技
601113.SS,华鼎股份
688155.SS,先惠技术
300796.SZ,贝斯美
000905.SZ,厦门港务
300270.SZ,中威电子
603344.SS,星德胜
300521.SZ,爱司凯
301016.SZ,雷尔伟
688055.SS,龙腾光电
300696.SZ,爱乐达
300370.SZ,安控科技
300421.SZ,力星股份
301116.SZ,益客食品
603515.SS,欧普照明
000710.SZ,贝瑞基因
001227.SZ,兰州银行
601588.SS,北辰实业
300983.SZ,尤安设计
688811.SS,有研复材
002898.SZ,*ST赛隆
600208.SS,衢州发展
600559.SS,老白干酒
300883.SZ,龙利得
000610.SZ,*ST西旅
600308.SS,华泰股份
600459.SS,贵研铂业
002998.SZ,优彩资源
300213.SZ,佳讯飞鸿
688381.SS,帝奥微
603327.SS,福蓉科技
601949.SS,中国出版
301075.SZ,多瑞医药
300542.SZ,新晨科技
688136.SS,科兴制药
603190.SS,亚通精工
688667.SS,XD菱电电
600998.SS,九州通
000966.SZ,长源电力
002459.SZ,晶澳科技
688281.SS,华秦科技
603227.SS,雪峰科技
300313.SZ,*ST天山
301175.SZ,中科环保
300442.SZ,润泽科技
002208.SZ,合肥城建
002559.SZ,亚威股份
688036.SS,传音控股
603090.SS,宏盛股份
688767.SS,博拓生物
002886.SZ,沃特股份
600216.SS,浙江医药
600547.SS,山东黄金
001239.SZ,永达股份
600316.SS,洪都航空
002986.SZ,宇新股份
001339.SZ,智微智能
301008.SZ,宏昌科技
002693.SZ,双成药业
300788.SZ,中信出版
002375.SZ,亚厦股份
002424.SZ,ST百灵
002793.SZ,罗欣药业
301108.SZ,洁雅股份
002275.SZ,桂林三金
003013.SZ,地铁设计
002524.SZ,光正眼科
300688.SZ,创业黑马
301179.SZ,泽宇智能
301628.SZ,强达电路
002555.SZ,三七互娱
002204.SZ,大连重工
600894.SS,广日股份
301079.SZ,邵阳液压
002455.SZ,百川股份
002304.SZ,洋河股份
600436.SS,片仔癀
601101.SS,XD昊华能
600367.SS,红星发展
600681.SS,百川能源
600536.SS,中国软件
601001.SS,晋控煤业
600267.SS,海正药业
300433.SZ,蓝思科技
603507.SS,振江股份
603256.SS,宏和科技
601838.SS,成都银行
002528.SZ,*ST英飞
002279.SZ,久其软件
688716.SS,XD中研股
300684.SZ,中石科技
688047.SS,龙芯中科
300533.SZ,冰川网络
301004.SZ,嘉益股份
300262.SZ,*ST巴安
603356.SS,华菱精工
300784.SZ,利安科技
688616.SS,西力科技
688147.SS,微导纳米
002428.SZ,云南锗业
000917.SZ,电广传媒
002379.SZ,宏桥控股
300891.SZ,惠云钛业
000153.SZ,丰原药业
001335.SZ,信凯科技
000702.SZ,正虹科技
300991.SZ,创益通
001356.SZ,富岭股份
000661.SZ,长春高新
600428.SS,中远海特
600379.SS,宝光股份
000030.SZ,富奥股份
001256.SZ,炜冈科技
000761.SZ,本钢板材
600528.SS,中铁工业
600279.SS,重庆港
688775.SS,影石创新
603082.SS,北自科技
301167.SZ,建研设计
300450.SZ,先导智能
688293.SS,奥浦迈
603235.SS,天新药业
300301.SZ,ST长方
301636.SZ,泽润新能
603182.SS,嘉华股份
301581.SZ,黄山谷捷
301067.SZ,显盈科技
300550.SZ,和仁科技
300201.SZ,海伦哲
688393.SS,安必平
603335.SS,迪生力
601162.SS,天风证券
600455.SS,博通股份
601633.SS,长城汽车
003001.SZ,中岩大地
002536.SZ,飞龙股份
000809.SZ,和展能源
002267.SZ,陕天然气
688708.SS,佳驰科技
688059.SS,华锐精密
603519.SS,立霸股份
603248.SS,锡华科技
688608.SS,恒玄科技
688159.SS,有方科技
002436.SZ,兴森科技
002367.SZ,康力电梯
000909.SZ,*ST数源
603348.SS,文灿股份
002681.SZ,奋达科技
688005.SS,容百科技
300197.SZ,节能铁汉
301617.SZ,博苑新材
300320.SZ,海达股份
603214.SS,爱婴室
300471.SZ,厚普股份
000955.SZ,欣龙控股
300097.SZ,智云股份
688105.SS,诺唯赞
300220.SZ,金运激光
300571.SZ,平治信息
301046.SZ,能辉科技
600358.SS,国旅联合
600409.SS,三友化工
001277.SZ,速达股份
000011.SZ,深物业A
600258.SS,首旅酒店
600509.SS,天富能源
688078.SS,龙软科技
688729.SS,屹唐股份
002246.SZ,北化股份
000828.SZ,东莞控股
002517.SZ,恺英网络
003020.SZ,立方制药
603269.SS,海鸥股份
603538.SS,美诺华
000928.SZ,中钢国际
002346.SZ,柘中股份
688178.SS,万德斯
688629.SS,华丰科技
603369.SS,今世缘
600192.SS,长城电工
605068.SS,明新旭腾
600325.SS,华发股份
605168.SS,三人行
600346.SS,恒力石化
001369.SZ,双欣材料
600246.SS,万通发展
601020.SS,华钰矿业
600517.SS,国网英大
001269.SZ,欧晶科技
301609.SZ,山大电力
301158.SZ,德石股份
002092.SZ,中泰化学
300189.SZ,神农种业
002225.SZ,濮耐股份
003043.SZ,华亚智能
002574.SZ,明牌珠宝
002192.SZ,融捷股份
301058.SZ,中粮科工
002474.SZ,榕基软件
001314.SZ,亿道信息
000623.SZ,吉林敖东
000723.SZ,美锦能源
300343.SZ,ST联创
603277.SS,银都股份
688580.SS,伟思医疗
301125.SZ,腾亚精工
300412.SZ,迦南科技
688066.SS,*ST航图
301392.SZ,汇成真空
688737.SS,中自科技
000836.SZ,ST富通
002258.SZ,利尔化学
603377.SS,ST东时
601919.SS,中远海控
300243.SZ,瑞丰高材
301025.SZ,读客文化
300512.SZ,中亚股份
688480.SS,赛恩斯
002358.SZ,森源电气
000936.SZ,华西股份
002409.SZ,雅克科技
688166.SS,博瑞医药
301292.SZ,海科新源
300563.SZ,神宇股份
601968.SS,XD宝钢包
603306.SS,华懋科技
300232.SZ,洲明科技
002478.SZ,常宝股份
002329.SZ,皇氏集团
688646.SS,ST逸飞
300085.SZ,银之杰
688117.SS,圣诺生物
603557.SS,*ST起步
300463.SZ,迈克生物
300332.SZ,天壕能源
603206.SS,嘉环科技
601868.SS,中国能建
001896.SZ,豫能控股
688017.SS,绿的谐波
300185.SZ,通裕重工
002578.SZ,闽发铝业
002229.SZ,鸿博股份
000752.SZ,*ST西发
605007.SS,五洲特纸
000652.SZ,泰达股份
301029.SZ,怡合达
002405.SZ,四维图新
002354.SZ,天娱数科
301129.SZ,瑞纳智能
301678.SZ,新恒汇
003032.SZ,传智教育
002254.SZ,泰和新材
600566.SS,济川药业
601700.SS,风范股份
600237.SS,铜峰电子
000598.SZ,兴蓉环境
603888.SS,新华网
600080.SS,ST金花
001218.SZ,丽臣实业
000498.SZ,山东路桥
601600.SS,中国铝业
600337.SS,ST美克
001318.SZ,阳光乳业
603988.SS,中电电机
600180.SS,*ST瑞茂
600505.SS,西昌电力
600405.SS,动力源
600354.SS,敦煌种业
002466.SZ,天齐锂业
002337.SZ,赛象科技
000959.SZ,首钢股份
688658.SS,悦康药业
688109.SS,品茗科技
002180.SZ,奔图科技
603318.SS,水发燃气
688758.SS,赛分科技
688009.SS,中国通号
002566.SZ,益盛药业
000859.SZ,国风新材
002237.SZ,恒邦股份
603218.SS,日月股份
002080.SZ,中材科技
603896.SS,寿仙谷
000060.SZ,中金岭南
001206.SZ,依依股份
000731.SZ,四川美丰
600578.SS,京能电力
600229.SS,城市传媒
000586.SZ,汇源通信
001306.SZ,夏厦精密
000631.SZ,顺发恒能
600478.SS,科力远
600329.SS,达仁堂
603683.SS,晶华新材
688625.SS,呈和科技
301280.SZ,珠城科技
301037.SZ,保立佳
300500.SZ,启迪设计
603365.SS,水星家纺
300251.SZ,光线传媒
301380.SZ,挖金客
688592.SS,司南导航
301137.SZ,哈焊华通
300400.SZ,劲拓股份
300351.SZ,永贵电器
301666.SZ,大普微-UW
000035.SZ,中国天楹
605286.SS,同力天启
301584.SZ,建发致新
603187.SS,XD海容冷
688121.SS,卓然股份
688670.SS,金迪克
000971.SZ,*ST高升
603330.SS,天洋新材
688396.SS,华润微
300204.SZ,舒泰神
301062.SZ,上海艾录
300555.SZ,ST路通
603087.SS,甘李药业
688021.SS,奥福科技
300304.SZ,云意电气
301633.SZ,港迪技术
603230.SS,内蒙新华
688296.SS,和达科技
301162.SZ,国能日新
300455.SZ,航天智装
000719.SZ,中原传媒
000048.SZ,京基智农
688818.SS,电科蓝天
002891.SZ,中宠股份
600201.SS,生物股份
600550.SS,保变电气
000619.SZ,海螺新材
600301.SS,华锡有色
601636.SS,旗滨集团
002991.SZ,甘源食品
002362.SZ,汉王科技
300279.SZ,和晶科技
300528.SZ,幸福蓝海
002262.SZ,恩华药业
003004.SZ,声迅股份
002533.SZ,金杯电工
300428.SZ,立中集团
688388.SS,嘉元科技
603199.SS,九华旅游
002301.SZ,齐心集团
688288.SS,鸿泉技术
002201.SZ,九鼎新材
002550.SZ,千红制药
603099.SS,长白山
600262.SS,北方股份
600533.SS,栖霞建设
605398.SS,新炬网络
600784.SS,鲁银投资
600362.SS,江西铜业
600433.SS,冠豪高新
600684.SS,珠江股份
605298.SS,必得科技
603353.SS,和顺石油
300267.SZ,尔康制药
300536.SZ,农尚环境
301001.SZ,凯淳股份
603402.SS,陕西旅游
688613.SS,奥精医疗
300781.SZ,因赛集团
000912.SZ,泸天化
300436.SZ,广生堂
301101.SZ,明月镜片
000812.SZ,陕西金叶
300681.SZ,英搏尔
601728.SS,中国电信
000707.SZ,双环科技
001230.SZ,劲旅环境
000056.SZ,*ST皇庭
300994.SZ,久祺股份
601628.SS,中国人寿
601179.SS,中国西电
300894.SZ,火星人
000607.SZ,华媒控股
001330.SZ,博纳影业
000156.SZ,华数传媒
601108.SS,财通证券
600688.SS,上海石化
000676.SZ,智度股份
605123.SS,派克新材
601008.SS,连云港
000027.SZ,深圳能源
000776.SZ,广发证券
301170.SZ,锡南科技
300447.SZ,全信股份
300316.SZ,晶盛机电
603222.SS,济民健康
000863.SZ,三湘印象
603095.SS,越剑智能
688033.SS,*ST天宜
301070.SZ,开勒股份
300547.SZ,川环科技
603322.SS,超讯通信
688662.SS,富信科技
301596.SZ,瑞迪智驱
603195.SS,公牛集团
688133.SS,泰坦科技
000963.SZ,华东医药
600313.SS,农发种业
002983.SZ,芯瑞达
300898.SZ,熊猫乳品
002883.SZ,*ST中设
300998.SZ,宁波方正
002796.SZ,世嘉科技
003016.SZ,欣贺股份
002521.SZ,齐峰新材
002270.SZ,华明装备
002696.SZ,百洋股份
002421.SZ,达实智能
002370.SZ,亚太药业
002542.SZ,*ST中岩
002213.SZ,大为股份
600883.SS,博闻科技
301488.SZ,豪恩汽电
300459.SZ,汤姆猫
300308.SZ,中际旭创
600983.SS,惠而浦
301588.SZ,美新科技
002442.SZ,龙星科技
002313.SZ,日海智能
300559.SZ,佳发教育
601952.SS,苏垦农发
600696.SS,退市岩石
000668.SZ,荣丰控股
600421.SS,退市华嵘
601116.SS,三江购物
600370.SS,*ST三房
000039.SZ,中集集团
000768.SZ,中航西飞
600796.SS,钱江生化
600521.SS,华海药业
601016.SS,节能风电
003008.SZ,开普检测
000800.SZ,一汽解放
300693.SZ,盛弘股份
688701.SS,卓锦股份
688050.SS,爱博医疗
002788.SZ,鹭燕医药
300424.SZ,航新科技
301113.SZ,雅艺科技
300375.SZ,鹏翎股份
688601.SS,力芯微
300793.SZ,佳禾智能
688150.SS,莱特光电
000900.SZ,现代投资
301013.SZ,利和兴
603341.SS,龙旗科技
300275.SZ,梅安森
002688.SZ,金河生物
300886.SZ,华业香料
000615.SZ,*ST美谷
001322.SZ,箭牌家居
000715.SZ,中兴商业
001222.SZ,源飞宠物
300986.SZ,志特新材
688561.SS,奇安信-U
688230.SS,芯导科技
603296.SS,华勤技术
300644.SZ,南京聚隆
301373.SZ,凌玮科技
600829.SS,人民同泰
688087.SS,英科再生
603021.SS,*ST华鹏
300115.SZ,长盈精密
688330.SS,宏力达
603396.SS,金辰股份
600929.SS,XD雪天盐
301273.SZ,瑞晨环保
301522.SZ,上大股份
300015.SZ,爱尔眼科
688187.SS,时代电气
603121.SS,华培动力
300851.SZ,交大思诺
300951.SZ,博硕科技
002722.SZ,物产金轮
002073.SZ,软控股份
600854.SS,春兰股份
300639.SZ,凯普生物
300168.SZ,万达信息
002595.SZ,豪迈科技
002622.SZ,皓宸医疗
002173.SZ,创新医疗
601985.SS,中国核电
002495.SZ,佳隆股份
300739.SZ,明阳电路
300068.SZ,ST南都
002937.SZ,兴瑞科技
000408.SZ,藏格矿业
001388.SZ,信通电子
603918.SS,金桥信息
600641.SS,先导基电
600110.SS,诺德股份
002837.SZ,英维克
600741.SS,华域汽车
603818.SS,曲美家居
600010.SS,包钢股份
001288.SZ,运机集团
600622.SS,光大嘉宝
600173.SS,卧龙新能
605089.SS,味知香
600495.SS,晋西车轴
600722.SS,金牛化工
600073.SS,光明肉业
600595.SS,中孚实业
605189.SS,富春染织
688099.SS,晶晨股份
603288.SS,海天味业
002741.SZ,光华科技
002010.SZ,传化智联
688199.SS,久日新材
002641.SZ,公元股份
002110.SZ,三钢闽光
001396.SZ,誉帆科技
300832.SZ,新产业
601368.SS,绿城水务
603906.SS,龙蟠科技
002929.SZ,润建股份
603806.SS,福斯特
601268.SS,*ST二重
300932.SZ,三友联众
001296.SZ,长江材料
002829.SZ,星网宇达
000516.SZ,国际医学
301310.SZ,鑫宏业
300627.SZ,华测导航
603713.SS,密尔克卫
603042.SS,华脉科技
300176.SZ,鸿特科技
688502.SS,茂莱光学
300490.SZ,华自科技
688253.SS,英诺特
603613.SS,国联股份
301210.SZ,金杨精密
300727.SZ,润禾材料
300076.SZ,*ST宁视
001965.SZ,招商公路
300590.SZ,移为通信
688353.SS,华盛锂电
300007.SZ,汉威科技
688195.SS,腾景科技
603662.SS,柯力传感
300756.SZ,金马游乐
301261.SZ,恒工精密
001914.SZ,招商积余
688322.SS,奥比中光-W
688095.SS,XD福昕软
603033.SS,三维股份
300107.SZ,建新股份
300656.SZ,民德电子
301361.SZ,众智科技
301687.SZ,新广益
688222.SS,成都先导
603284.SS,林平发展
688573.SS,信宇人
603877.SS,太平鸟
300943.SZ,春晖智控
600599.SS,退市熊猫
000567.SZ,海德股份
002858.SZ,力盛体育
300843.SZ,胜蓝股份
603977.SS,国泰集团
601319.SS,中国人保
002958.SZ,青农商行
600499.SS,科达制造
002487.SZ,大金重工
002161.SZ,远 望 谷
002630.SZ,*ST华西
601997.SS,贵阳银行
600846.SS,同济科技
002587.SZ,奥拓电子
002061.SZ,浙江交科
002730.SZ,电光科技
600753.SS,*ST海钦
002825.SZ,纳尔股份
600653.SS,申华控股
002925.SZ,盈趣科技
600587.SS,新华医疗
002846.SZ,英联股份
600061.SS,国投资本
603869.SS,ST智知
600730.SS,*ST高科
002946.SZ,新乳业
600487.SS,亨通光电
600161.SS,天坛生物
601456.SS,国联民生
600630.SS,龙头股份
603969.SS,银龙股份
002102.SZ,ST能特
002653.SZ,海思科
300019.SZ,硅宝科技
300748.SZ,金力永磁
600925.SS,苏能股份
002753.SZ,永东股份
300119.SZ,瑞普生物
600825.SS,新华传媒
300648.SZ,星云股份
000504.SZ,*ST生物
300920.SZ,润阳科技
000404.SZ,长虹华意
605500.SS,森林包装
300820.SZ,英杰电气
300582.SZ,英飞特
688410.SS,山外山
603150.SS,万朗磁塑
603601.SS,再升科技
600958.SS,东方证券
301202.SZ,朗威股份
300735.SZ,光弘科技
688510.SS,航亚科技
300482.SZ,万孚生物
603050.SS,科林电气
300164.SZ,通源石油
301302.SZ,华如科技
300635.SZ,中达安
600858.SS,银座股份
603701.SS,德宏股份
002599.SZ,盛通股份
000551.SZ,创元科技
601098.SS,中南传媒
600718.SS,东软集团
300975.SZ,商络电子
601198.SS,东兴证券
300875.SZ,捷强装备
600618.SS,氯碱化工
600149.SS,廊坊发展
605555.SS,德昌股份
688314.SS,康拓医疗
300286.SZ,安科瑞
301257.SZ,普蕊斯
300760.SZ,迈瑞医疗
300031.SZ,宝通科技
603105.SS,芯能科技
688545.SS,兴福电子
300386.SZ,飞天诚信
301357.SZ,北方长龙
300660.SZ,江苏雷利
603005.SS,晶方科技
300131.SZ,英唐智控
002813.SZ,路畅科技
600283.SS,钱江水利
300908.SZ,仲景食品
600765.SS,中航重机
600383.SS,金地集团
002913.SZ,奥士康
600665.SS,天地源
300808.SZ,久量股份
688369.SS,致远互联
002606.SZ,大连电瓷
002157.SZ,正邦科技
603629.SS,利通电子
600970.SS,XD中材国
603178.SS,圣龙股份
002706.SZ,良信股份
002057.SZ,中钢天源
688538.SS,和辉光电-U
688269.SS,XD凯立新
603729.SS,ST龙韵
603078.SS,江化微
301518.SZ,长华化学
002383.SZ,合众思壮
300298.SZ,三诺生物
002134.SZ,天津普林
002283.SZ,天润工业
301349.SZ,信德新材
301418.SZ,协昌科技
002765.SZ,蓝黛科技
002034.SZ,旺能环境
300398.SZ,飞凯材料
600706.SS,曲江文旅
601231.SS,环旭电子
600057.SS,厦门象屿
002870.SZ,香山股份
601086.SS,国芳集团
600606.SS,绿地控股
600157.SS,永泰能源
601186.SS,中国铁建
002970.SZ,锐明技术
688691.SS,灿芯股份
603637.SS,镇海股份
300703.SZ,创源股份
301234.SZ,五洲医疗
301565.SZ,中仑新材
300052.SZ,中青宝
603166.SS,福达股份
000990.SZ,诚志股份
301083.SZ,百胜智能
688426.SS,康为世纪
688377.SS,迪威尔
002149.SZ,西部材料
000890.SZ,法尔胜
300603.SZ,立昂技术
603737.SS,三棵树
603066.SS,音飞储存
300152.SZ,*ST动力
002718.SZ,友邦吊顶
002049.SZ,紫光国微
688526.SS,科前生物
603580.SS,*ST艾艾
301183.SZ,东田微
688277.SS,天智航-U
000785.SZ,居然智家
603822.SS,ST嘉澳
300916.SZ,朗特智能
000532.SZ,华金资本
300816.SZ,艾可蓝
603922.SS,ST金鸿顺
000685.SZ,中山公用
300867.SZ,圣元环保
300967.SZ,晓鸣股份
000543.SZ,皖能电力
603017.SS,XD中衡设
300123.SZ,ST亚光
301345.SZ,涛涛车业
300672.SZ,国科微
002038.SZ,双鹭药业
002769.SZ,普路通
300394.SZ,天孚通信
688206.SS,概伦电子
688557.SS,兰剑智能
603117.SS,万林物流
300772.SZ,运达股份
688306.SS,均普智能
300294.SZ,博雅生物
002138.SZ,顺络电子
002669.SZ,康达新材
600126.SS,杭钢股份
600391.SS,航发科技
002901.SZ,大博医疗
000789.SZ,万年青
600026.SS,中远海能
600777.SS,*ST新潮
002801.SZ,微光股份
301469.SZ,恒达新材
600862.SS,中航高科
301338.SZ,凯格精机
002045.SZ,国光电器
002714.SZ,牧原股份
301238.SZ,瑞泰新材
600962.SS,国投中鲁
002145.SZ,钛能化学
002614.SZ,奥佳华
002026.SZ,山东威达
002777.SZ,久远银海
688218.SS,江苏北人
688549.SS,中巨芯-U
002291.SZ,遥望科技
603009.SS,北特科技
603758.SS,秦安股份
600801.SS,华新建材
688318.SS,财富趋势
688449.SS,联芸科技
002126.SZ,银轮股份
002677.SZ,浙江美大
603109.SS,XD神驰机
600901.SS,江苏金租
603658.SS,安图生物
002391.SZ,长青股份
002962.SZ,五方光电
300879.SZ,大叶股份
605208.SS,永茂泰
002862.SZ,实丰文化
300979.SZ,华利集团
600714.SS,金瑞矿业
688265.SS,南模生物
301191.SZ,菲菱科思
000882.SZ,华联股份
300140.SZ,节能环境
300611.SZ,美力科技
301326.SZ,捷邦科技
688783.SS,西安奕材-U
603725.SS,天安新材
688365.SS,光云科技
301091.SZ,深城交
301577.SZ,美信科技
300040.SZ,九洲集团
688683.SS,莱尔科技
300711.SZ,广哈通信
301226.SZ,祥明智能
000982.SZ,中银绒业
000420.SZ,吉林化纤
600138.SS,中青旅
300804.SZ,广康生化
000697.SZ,炼石航空
000520.SZ,凤凰航运
000797.SZ,中国武夷
600038.SS,中直股份
600769.SS,祥龙电业
300904.SZ,威力传动
002100.SZ,天康生物
002651.SZ,利君股份
603398.SS,*ST沐邦
688189.SS,ST南新
600927.SS,永安期货
603298.SS,杭叉集团
688089.SS,嘉必优
600827.SS,百联股份
600585.SS,海螺水泥
605199.SS,ST葫芦娃
600063.SS,皖维高新
600732.SS,爱旭股份
605099.SS,共创草坪
600163.SS,中闽能源
688343.SS,云天励飞-U
300580.SZ,贝斯特
301551.SZ,无线传媒
300066.SZ,三川智慧
300737.SZ,科顺股份
301200.SZ,大族数控
300480.SZ,光力科技
688512.SS,慧智微-U
300166.SZ,东方国信
603052.SS,可川科技
603703.SS,盛洋科技
300637.SZ,扬帆新材
301300.SZ,远翔新材
000506.SZ,招金黄金
002839.SZ,张家港行
300922.SZ,天秦装备
603816.SS,顾家家居
001286.SZ,陕西能源
002939.SZ,长城证券
001386.SZ,马可波罗
603916.SS,苏博特
300822.SZ,贝仕达克
300941.SZ,创识科技
000565.SZ,渝三峡Ａ
300841.SZ,康华生物
688197.SS,首药控股-U
603131.SS,上海沪工
300005.SZ,探路者
301263.SZ,泰恩康
603660.SS,苏州科达
600939.SS,重庆建工
688320.SS,禾川科技
603386.SS,骏亚科技
300105.SZ,龙源技术
688097.SS,博众精工
603031.SS,安孚科技
600839.SS,四川长虹
301363.SZ,美好医疗
300654.SZ,世纪天鸿
688220.SS,翱捷科技-U
603286.SS,日盈电子
688571.SS,杭华股份
600000.SS,浦发银行
603808.SS,歌力思
600751.SS,海航科技
001298.SZ,好上好
000518.SZ,四环生物
002827.SZ,高争民爆
600100.SS,同方股份
601366.SS,利群股份
600651.SS,飞乐音响
603908.SS,牧高笛
002927.SZ,泰永长征
002485.SZ,ST雪发
300078.SZ,思创智联
300729.SZ,乐歌股份
002163.SZ,海南发展
002632.SZ,道明光学
601995.SS,中金公司
300629.SZ,新劲刚
600844.SS,金煤科技
002585.SZ,双星新材
002063.SZ,远光软件
002732.SZ,燕塘乳业
300658.SZ,延江股份
600835.SS,上海机电
300109.SZ,新开源
002743.SZ,富煌钢构
002012.SZ,凯恩股份
600935.SS,华塑股份
300758.SZ,七彩化学
300009.SZ,安科生物
002643.SZ,万润股份
002112.SZ,三变科技
603979.SS,金诚信
600620.SS,天宸股份
600171.SS,上海贝岭
002956.SZ,西麦食品
000338.SZ,潍柴动力
600497.SS,驰宏锌锗
600720.SS,中交设计
603879.SS,永悦科技
600071.SS,凤凰光学
600597.SS,光明乳业
002856.SZ,*ST美芝
603711.SS,香飘飘
600848.SS,上海临港
300625.SZ,三雄极光
301312.SZ,智立方
300174.SZ,元力股份
603040.SS,新坐标
002589.SZ,瑞康医药
300492.SZ,华图山鼎
688500.SS,慧辰股份
601899.SS,紫金矿业
688251.SS,井松智能
002489.SZ,浙江永强
300725.SZ,药石科技
301212.SZ,联盛化学
603611.SS,诺力股份
300074.SZ,华平股份
688400.SS,凌云光
300592.SZ,华凯易佰
601999.SS,出版传媒
688351.SS,微电生理
300830.SZ,金现代
300930.SZ,屹通新材
000514.SZ,渝 开 发
002948.SZ,青岛银行
600489.SS,中金黄金
605222.SS,起帆电缆
603967.SS,中创物流
300853.SZ,申昊科技
600589.SS,大位科技
002848.SZ,高斯贝尔
300953.SZ,震裕科技
603867.SS,新化股份
688563.SS,航材股份
688232.SS,新点软件
301371.SZ,敷尔佳
688085.SS,DR三友医
603023.SS,威帝股份
688332.SS,中科蓝讯
300746.SZ,汉嘉数智
688185.SS,康希诺
603123.SS,翠微股份
300017.SZ,网宿科技
301520.SZ,万邦医药
002935.SZ,天奥电子
600643.SS,爱建集团
002835.SZ,同为股份
600743.SS,华远控股
600012.SS,皖通高速
002597.SZ,金禾实业
002620.SZ,*ST瑞和
001979.SZ,招商蛇口
002171.SZ,楚江新材
002497.SZ,雅化集团
600956.SS,新天绿能
002960.SZ,青鸟智控
600616.SS,金枫酒业
002860.SZ,星帅尔
601096.SS,宏盛华源
600716.SS,凤凰股份
002024.SZ,ST易购
002775.SZ,文科股份
300388.SZ,节能国祯
002293.SZ,罗莱生活
301408.SZ,华人健康
301359.SZ,东南电子
600803.SS,新奥股份
300288.SZ,朗玛信息
002124.SZ,天邦食品
002675.SZ,东诚药业
301508.SZ,中机认检
600903.SS,贵州燃气
301259.SZ,艾布鲁
002393.SZ,力生制药
000422.SZ,湖北宜化
300806.SZ,斯迪克
000695.SZ,滨海能源
605277.SS,新亚电子
000795.SZ,英洛华
605377.SS,华旺科技
300906.SZ,日月明
002059.SZ,云南旅游
002708.SZ,光洋股份
688267.SS,中触媒
301193.SZ,家联科技
688536.SS,思瑞浦
603590.SS,康辰药业
000880.SZ,潍柴重机
300142.SZ,沃森生物
603076.SS,乐惠国际
688781.SS,视涯科技-UW
603727.SS,博迈科
300613.SZ,富瀚微
688367.SS,工大高科
301093.SZ,华兰股份
002159.SZ,三特索道
002608.SZ,江苏国信
603176.SS,汇通集团
300042.SZ,朗科科技
301575.SZ,艾芬达
300713.SZ,英可瑞
688681.SS,科汇股份
000980.SZ,众泰汽车
300121.SZ,阳谷华泰
603015.SS,弘讯科技
300670.SZ,大烨智能
300396.SZ,ST迪瑞
603115.SS,海星股份
301516.SZ,中远通
300021.SZ,大禹节水
300770.SZ,新媒股份
300296.SZ,利亚德
688455.SS,科捷智能
600159.SS,大龙地产
600608.SS,退市沪科
300865.SZ,大宏立
601188.SS,龙江交通
600059.SS,古越龙山
300965.SZ,恒宇信通
600708.SS,光明地产
000541.SZ,佛山照明
601088.SS,中国神华
603068.SS,博通集成
603739.SS,蔚蓝生物
600860.SS,京城股份
002047.SZ,宝鹰股份
002716.SZ,湖南白银
688279.SS,峰岹科技
688528.SS,秦川物联
603168.SS,莎普爱思
600960.SS,渤海汽车
603639.SS,海利尔
688379.SS,华光新材
688428.SS,诺诚健华
002616.SZ,长青集团
300818.SZ,耐普矿机
600675.SS,中华企业
002903.SZ,宇环数控
605369.SS,拱东医疗
600775.SS,南京熊猫
300918.SZ,南山智尚
002803.SZ,吉宏股份
600293.SS,三峡新材
605318.SS,法狮龙
601233.SS,桐昆股份
600704.SS,物产中大
300969.SZ,恒帅股份
600055.SS,万东医疗
002872.SZ,ST天圣
300869.SZ,康泰医学
601333.SS,广深铁路
600604.SS,市北高新
600155.SS,华创云信
605218.SS,伟时电子
002972.SZ,科安达
603648.SS,畅联股份
603119.SS,浙江荣泰
002381.SZ,双箭股份
688459.SS,哈铁科技
688308.SS,欧科亿
002667.SZ,*ST威领
002136.SZ,安 纳 达
002281.SZ,光迅科技
603019.SS,中科曙光
002767.SZ,先锋电子
002036.SZ,联创电子
688559.SS,海目星
688208.SS,道通科技
605365.SS,立达信
600779.SS,水井坊
600028.SS,中国石化
000530.SZ,冰山冷热
600679.SS,上海凤凰
603920.SS,世运电路
300814.SZ,中富电路
600128.SS,苏豪弘业
000430.SZ,张家界
301236.SZ,软通动力
300701.SZ,森霸传感
688693.SS,锴威特
300050.SZ,世纪鼎利
301567.SZ,贝隆精密
301081.SZ,严牌股份
688375.SS,国博电子
000892.SZ,欢瑞世纪
688793.SS,倍轻松
301336.SZ,趣睡科技
300601.SZ,康泰生物
300150.SZ,世纪瑞尔
301181.SZ,标榜股份
688275.SS,万润新能
300284.SZ,苏交科
688316.SS,青云科技-U
002679.SZ,福建金森
002128.SZ,电投能源
300762.SZ,上海瀚讯
301255.SZ,通力科技
603656.SS,泰禾智能
603107.SS,上海汽配
300033.SZ,同花顺
002779.SZ,中坚科技
002028.SZ,思源电气
688216.SS,气派科技
300384.SZ,三联虹普
300662.SZ,科锐国际
301355.SZ,南王科技
300133.SZ,华策影视
603007.SS,顺景科技
000553.SZ,安道麦A
300977.SZ,深圳瑞捷
603843.SS,*ST正平
300877.SZ,金春股份
002155.SZ,湖南黄金
301228.SZ,实朴检测
002055.SZ,ST得润
301328.SZ,维峰电子
600872.SS,中炬高新
301479.SZ,弘景光电
002811.SZ,郑中设计
600281.SS,华阳新材
000799.SZ,酒鬼酒
600036.SS,招商银行
600381.SS,*ST春天
002911.SZ,佛燃能源
600667.SS,太极实业
600136.SS,ST明诚
002335.SZ,科华数据
300099.SZ,尤洛卡
002182.SZ,宝武镁业
301048.SZ,金鹰重工
300199.SZ,翰宇药业
002564.SZ,天沃科技
002235.SZ,安妮股份
301148.SZ,嘉戎技术
002082.SZ,ST万邦
001279.SZ,强邦新材
600507.SS,方大特钢
600256.SS,广汇能源
001379.SZ,腾达科技
600356.SS,恒丰纸业
002419.SZ,天虹股份
000926.SZ,福星股份
002348.SZ,高乐股份
301282.SZ,金禄电子
603681.SS,永冠新材
688627.SS,精智达
688176.SS,亚虹医药-U
300502.SZ,新易盛
301035.SZ,润丰股份
300253.SZ,卫宁健康
603367.SS,辰欣药业
688727.SS,恒坤新材
301382.SZ,蜂助手
688076.SS,ST诺泰
002519.SZ,银河电子
002248.SZ,华东数控
000826.SZ,*ST启环
300402.SZ,宝色股份
301135.SZ,瑞德智能
603536.SS,惠发食品
688590.SS,新致软件
603267.SS,鸿远电子
300353.SZ,东土科技
000062.SZ,深圳华强
000733.SZ,振华科技
605166.SS,聚合顺
605580.SS,恒盛能源
000633.SZ,合金投资
605066.SS,天正电气
600519.SS,贵州茅台
600248.SS,陕建股份
000001.SZ,平安银行
001267.SZ,汇绿生态
000750.SZ,国海证券
605005.SS,合兴股份
600419.SS,天润乳业
600348.SS,华阳股份
001367.SZ,海森药业
000650.SZ,仁和药业
601399.SS,国机重装
301056.SZ,森赫股份
300561.SZ,汇金科技
300230.SZ,永利股份
688115.SS,思林杰
300087.SZ,荃银高科
301156.SZ,美农生物
300461.SZ,田中精机
301607.SZ,富特科技
300187.SZ,永清环保
688015.SS,交控科技
600235.SS,民丰特纸
601702.SS,华峰铝业
605178.SS,时空科技
600082.SS,ST海泰
600335.SS,国机汽车
600182.SS,S佳通
603379.SS,三美股份
002407.SZ,多氟多
002356.SZ,赫美集团
000938.SZ,紫光股份
688639.SS,华恒生物
688168.SS,安博通
603528.SS,多伦科技
603279.SS,景津装备
688739.SS,成大生物
688068.SS,热景生物
003030.SZ,祖名股份
002507.SZ,涪陵榨菜
000838.SZ,*ST发展
002256.SZ,兆新股份
603208.SS,江山欧派
601866.SS,中远海发
603559.SS,ST通脉
002090.SZ,金智科技
688019.SS,安集科技
002227.SZ,*ST特迅
002576.SZ,通达动力
003041.SZ,真爱美家
002190.SZ,成飞集成
601966.SS,玲珑轮胎
603308.SS,应流股份
603459.SS,红板科技
000949.SZ,新乡化纤
002327.SZ,富安娜
002476.SZ,宝莫股份
688119.SS,中钢洛耐
688648.SS,中邮科技
605009.SS,豪悦护理
600415.SS,小商品城
600515.SS,海南机场
601022.SS,宁波远洋
603275.SS,众辰科技
300341.SZ,麦克奥迪
300410.SZ,正业科技
301127.SZ,武汉天源
688582.SS,芯动联科
301390.SZ,经纬股份
300241.SZ,瑞丰光电
603375.SS,盛景微
300510.SZ,金冠股份
301027.SZ,华蓝集团
301290.SZ,东星医疗
603693.SS,江苏新能
600339.SS,中油工程
600468.SS,百利电气
001316.SZ,润贝航科
603986.SS,兆易创新
600239.SS,ST云城
600568.SS,ST中珠
000596.SZ,古井贡酒
603886.SS,元祖股份
688820.SS,盛合晶微
000721.SZ,西安饮食
001216.SZ,华瓷股份
000070.SZ,特发信息
605117.SS,德业股份
300195.SZ,长荣股份
688007.SS,光峰科技
002239.SZ,奥特佳
002568.SZ,百润股份
601878.SS,浙商证券
603216.SS,梦天家居
300322.SZ,硕贝德
300473.SZ,德尔股份
002339.SZ,积成电子
000957.SZ,中通客车
002468.SZ,申通快递
688107.SS,安路科技
300095.SZ,华伍股份
688656.SS,浩欧博
300222.SZ,科大智能
603316.SS,诚邦股份
300573.SZ,兴齐眼药
001308.SZ,康冠科技
603998.SS,方盛制药
000488.SZ,ST晨鸣
600327.SS,大东方
600476.SS,*ST湘邮
603898.SS,好莱客
001208.SZ,华菱线缆
600227.SS,赤天化
600576.SS,祥源文旅
002244.SZ,滨江集团
003022.SZ,联泓新科
002515.SZ,金字火腿
301668.SZ,昊创瑞通
301139.SZ,*ST元道
002344.SZ,海宁皮城
002415.SZ,海康威视
301039.SZ,中集车辆
600694.SS,大商股份
605288.SS,凯迪股份
600423.SS,*ST柳化
600372.SS,中航机载
605388.SS,均瑶健康
600794.SS,保税科技
600523.SS,贵航股份
600272.SS,开开实业
002540.SZ,亚太科技
002211.SZ,ST宏达
600881.SS,亚泰集团
603089.SS,正裕工业
688298.SS,东方生物
600981.SS,苏豪汇鸿
603189.SS,*ST网达
002440.SZ,闰土股份
002311.SZ,海大集团
688398.SS,赛特新材
300884.SZ,狄耐克
000617.SZ,中油资本
601169.SS,北京银行
001220.SZ,世盟股份
000717.SZ,中南股份
300984.SZ,金沃股份
688816.SS,易思维
601069.SS,西部黄金
000802.SZ,北京文化
300691.SZ,联合光电
688052.SS,纳芯微
301111.SZ,粤万年青
300426.SZ,华智数媒
300377.SZ,赢时胜
300791.SZ,仙乐健康
688603.SS,天承科技
688152.SS,麒麟信安
000902.SZ,新洋丰
301011.SZ,华立科技
300277.SZ,汽轮科技
300445.SZ,康斯特
301172.SZ,君逸数码
603220.SS,中贝通信
688286.SS,敏芯股份
300314.SZ,戴维医疗
603097.SS,江苏华辰
688031.SS,星环科技-U
300545.SZ,联得装备
301072.SZ,中捷精工
300214.SZ,日科化学
603320.SS,迪贝电气
688386.SS,泛亚微透
688660.SS,电气风电
603197.SS,保隆科技
688131.SS,皓元医药
605296.SS,神农集团
000025.SZ,特  力Ａ
300438.SZ,鹏辉能源
300369.SZ,绿盟科技
002523.SZ,天桥起重
002272.SZ,川润股份
300538.SZ,同益股份
601933.SS,永辉超市
300269.SZ,联建光电
002694.SZ,*ST顾地
002423.SZ,中粮资本
002372.SZ,伟星新材
601177.SS,杭齿前进
002981.SZ,朝阳科技
000158.SZ,常山北明
000609.SZ,*ST中迪
002881.SZ,美格智能
600540.SS,新赛股份
601077.SS,渝农商行
600211.SS,西藏药业
000058.SZ,深 赛 格
000709.SZ,河钢股份
688808.SS,联讯仪器
601006.SS,大秦铁路
600531.SS,豫光金铅
000778.SZ,新兴铸管
000029.SZ,深深房Ａ
600360.SS,华微电子
601106.SS,中国一重
600686.SS,金龙汽车
000678.SZ,襄阳轴承
300218.SZ,安利股份
300549.SZ,优德精密
301598.SZ,博科测试
600993.SS,马应龙
002303.SZ,美盈森
002452.SZ,长高电气
300318.SZ,博晖创新
300449.SZ,汉邦高科
002203.SZ,海亮股份
002552.SZ,宝鼎科技
301498.SZ,乖宝宠物
600893.SS,航发动力
000705.SZ,浙江震元
300996.SZ,普联软件
605050.SS,福然德
300896.SZ,爱美客
001332.SZ,锡装股份
000605.SZ,渤海股份
300265.SZ,通光线缆
603351.SS,威尔药业
603400.SS,华之杰
301003.SZ,江苏博云
300534.SZ,陇神戎发
002698.SZ,博实股份
300783.SZ,三只松鼠
688611.SS,杭州柯林
000910.SZ,大亚圣象
002798.SZ,帝欧水华
300365.SZ,恒华科技
301103.SZ,何氏眼科
300434.SZ,金石亚药
603500.SS,祥和实业
000810.SZ,创维数字
003018.SZ,金富科技
688711.SS,宏微科技
300683.SZ,海特生物
603185.SS,弘元绿能
688123.SS,聚辰股份
301586.SZ,佳力奇
000973.SZ,佛塑科技
300206.SZ,理邦仪器
603332.SS,苏州龙杰
300557.SZ,理工光科
301060.SZ,兰卫医学
301486.SZ,致尚科技
603085.SS,天成自控
688023.SS,安恒信息
688772.SS,珠海冠宇
603232.SS,格尔软件
301631.SZ,壹连科技
300306.SZ,远方信息
300457.SZ,赢合科技
301160.SZ,翔楼新材
000766.SZ,通化金马
000037.SZ,深南电A
600798.SS,宁波海运
605133.SS,嵘泰股份
601018.SS,宁波港
600698.SS,湖南天雁
001400.SZ,江顺科技
601118.SS,海南橡胶
605033.SS,美邦股份
002360.SZ,ST同德
002431.SZ,ST棕榈
601921.SS,浙版传媒
002686.SZ,亿利达
002531.SZ,天顺风能
003006.SZ,百亚股份
002786.SZ,银宝山新
300988.SZ,津荣天宇
002893.SZ,京能热力
600203.SS,福日电子
600552.SS,凯盛科技
601065.SS,江盐集团
300888.SZ,稳健医疗
600303.SS,曙光股份
600452.SS,涪陵电力
002993.SZ,奥海科技
000783.SZ,长江证券
300910.SZ,瑞丰新材
000534.SZ,万泽股份
300810.SZ,中科海讯
000683.SZ,博源化工
300054.SZ,鼎龙股份
301563.SZ,云汉芯城
603160.SS,汇顶科技
688697.SS,纽威数控
600968.SS,海油发展
301232.SZ,飞沃科技
300705.SZ,九典制药
688371.SS,菲沃泰
301085.SZ,亚康股份
688420.SS,美腾科技
603486.SS,科沃斯
603060.SS,国检集团
300154.SZ,瑞凌股份
301332.SZ,德尔玛
300605.SZ,恒锋信息
600868.SS,梅雁吉祥
688271.SS,联影医疗
688520.SS,神州细胞
603586.SS,金麒麟
301185.SZ,鸥玛软件
600051.SS,宁波联合
601566.SS,九牧王
603859.SS,能科科技
002876.SZ,三利谱
600151.SS,航天机电
600600.SS,青岛啤酒
603959.SS,ST百利
002976.SZ,瑞玛精密
300029.SZ,*ST天龙
300778.SZ,新城市
002385.SZ,大北农
002132.SZ,恒星科技
002663.SZ,普邦股份
002285.SZ,世联行
300129.SZ,泰胜风能
600815.SS,厦工股份
300678.SZ,中科信息
002032.SZ,苏 泊 尔
002763.SZ,汇洁股份
002151.SZ,北斗星通
002600.SZ,领益智造
688689.SS,银河微电
600976.SS,健民集团
000988.SZ,华工科技
002051.SZ,中工国际
002700.SZ,万憬能源
689009.SS,九号公司-WD
603598.SS,引力传媒
000888.SZ,峨眉山Ａ
688789.SS,宏华数科
600876.SS,凯盛新能
002815.SZ,崇达技术
600285.SS,XD羚锐制
600032.SS,XD浙江新
600763.SS,通策医疗
002915.SZ,中欣氟材
600132.SS,重庆啤酒
600663.SS,陆家嘴
688312.SS,燕麦科技
688443.SS,智翔金泰-U
301500.SZ,飞南资源
300037.SZ,新宙邦
603103.SS,横店影视
300766.SZ,每日互动
301251.SZ,威尔高
300380.SZ,安硕信息
688212.SS,澳华内镜
688543.SS,国科军工
300137.SZ,先河环保
300666.SZ,江丰电子
000557.SZ,西部创业
002868.SZ,绿康生化
601229.SS,上海银行
300973.SZ,立高食品
002968.SZ,新大正
300873.SZ,海晨股份
600389.SS,江山股份
002919.SZ,名臣健康
000426.SZ,兴业银锡
300802.SZ,矩子科技
603936.SS,博敏电子
000691.SZ,亚太实业
002819.SZ,东方中科
000526.SZ,学大教育
600289.SS,ST信通
000791.SZ,甘肃能源
603836.SS,海程邦达
300902.SZ,国安达
301197.SZ,工大科雅
301320.SZ,豪江智能
300617.SZ,安靠智电
688785.SS,恒运昌
603072.SS,天和磁材
300146.SZ,汤臣倍健
301097.SZ,天益医疗
688432.SS,有研硅
688363.SS,华熙生物
688685.SS,迈信林
301220.SZ,亚香股份
300717.SZ,华信新材
300046.SZ,台基股份
301571.SZ,国科天成
603172.SS,万丰股份
600612.SS,老凤祥
600143.SS,金发科技
002864.SZ,盘龙药业
601225.SS,陕西煤业
600712.SS,南宁百货
002771.SZ,真视通
002020.SZ,京新药业
002297.SZ,博云新材
600807.SS,济高发展
002671.SZ,龙泉股份
002120.SZ,韵达股份
002397.SZ,梦洁股份
600864.SS,哈投股份
300609.SZ,汇纳科技
300158.SZ,振东制药
002712.SZ,思美传媒
002043.SZ,兔 宝 宝
301189.SZ,奥尼电子
300709.SZ,精研科技
300058.SZ,蓝色光标
301089.SZ,拓新药业
002612.SZ,朗姿股份
603928.SS,兴业股份
600671.SS,天目药业
600120.SS,浙江东方
600397.SS,江钨装备
002907.SZ,华森制药
600771.SS,广誉远
603828.SS,*ST利达
600020.SS,中原高速
002807.SZ,江阴银行
000538.SZ,云南白药
002289.SZ,*ST宇顺
300674.SZ,宇信科技
600819.SS,耀皮玻璃
603011.SS,合锻智能
300125.SZ,*ST聆达
688551.SS,科威尔
688200.SS,DR华峰测
600919.SS,江苏银行
300774.SZ,倍杰特
301512.SZ,智信精密
300025.SZ,华星创业
603111.SS,康尼机电
002389.SZ,航天彩虹
688300.SS,联瑞新材
300292.SZ,吴通控股
300861.SZ,美畅股份
603955.SS,大千生态
603855.SS,华荣股份
300961.SZ,深水海纳
000545.SZ,金浦钛业
300170.SZ,汉得信息
300621.SZ,维业股份
301316.SZ,慧博云通
688255.SS,凯尔达
300496.SZ,中科创达
300070.SZ,碧水源
603615.SS,茶花股份
300721.SZ,怡达股份
301216.SZ,万凯新材
688355.SS,明志科技
300596.SZ,利安隆
001390.SZ,古麒绒材
600108.SS,亚盛集团
300834.SZ,星辉环材
603900.SS,莱绅通灵
000410.SZ,沈阳机床
601688.SS,华泰证券
600008.SS,首创环保
600759.SS,ST洲际
603800.SS,洪田股份
601788.SS,光大证券
000510.SZ,新金路
603039.SS,泛微网络
603768.SS,常青股份
600831.SS,广电网络
688228.SS,开普云
688579.SS,地纬智能
002016.SZ,世荣兆业
002747.SZ,埃斯顿
603139.SS,康惠股份
603668.SS,天马科技
002116.SZ,中国海诚
002647.SZ,仁东控股
688328.SS,深科达
688479.SS,友车科技
600624.SS,ST复华
300849.SZ,锦盛新材
002952.SZ,亚世光电
600493.SS,凤竹纺织
600075.SS,新疆天业
300949.SZ,奥雅股份
600724.SS,宁波富达
605338.SS,巴比食品
600593.SS,大连圣亚
002852.SZ,道道全
002931.SZ,锋龙股份
601696.SS,中银证券
600116.SS,三峡水利
002831.SZ,裕同科技
600016.SS,民生银行
300488.SZ,恒锋工具
002075.SZ,沙钢股份
002724.SZ,海洋王
301459.SZ,丰茂股份
301308.SZ,江波龙
002593.SZ,日上集团
002175.SZ,*ST东智
002624.SZ,完美世界
300588.SZ,熙菱信息
002493.SZ,荣盛石化
301559.SZ,中集环科
301208.SZ,中亦科技
605577.SS,龙版传媒
300857.SZ,协创数据
000573.SZ,粤宏远Ａ
603863.SS,松炀资源
300957.SZ,贝泰妮
688236.SS,春立医疗
603290.SS,斯达半导
688567.SS,孚能科技
002008.SZ,大族激光
002759.SZ,天际股份
688081.SS,兴图新科
603027.SS,千禾味业
300113.SZ,顺网科技
300642.SZ,透景生命
603776.SS,永安行
002108.SZ,沧州明珠
002659.SZ,凯文教育
688336.SS,三生国健
603390.SS,通达电气
300013.SZ,新宁物流
688181.SS,八亿时空
603127.SS,昭衍新药
603676.SS,卫信康
301275.SZ,汉朔科技
002628.SZ,成都路桥
002179.SZ,中航光电
300584.SZ,海辰药业
688416.SS,恒烁股份
688347.SS,华虹宏力
603607.SS,京华激光
300733.SZ,西菱动力
301555.SZ,惠柏新材
300062.SZ,中能电气
603156.SS,养元饮品
688516.SS,奥特维
300484.SZ,蓝海华腾
688247.SS,宣泰医药
002728.SZ,特一药业
002079.SZ,苏州固锝
300633.SZ,开立医疗
603707.SS,健友股份
300162.SZ,雷曼光电
300926.SZ,博俊科技
001282.SZ,三联锻造
000402.SZ,金 融 街
001382.SZ,新亚电缆
300826.SZ,测绘股份
603912.SS,佳力图
002655.SZ,共达电声
002104.SZ,恒宝股份
301279.SZ,金道科技
301528.SZ,多浦乐
002755.SZ,奥赛康
002004.SZ,华邦健康
301379.SZ,天山电子
301428.SZ,世纪恒通
600581.SS,*ST八钢
002840.SZ,华统股份
600736.SS,苏州高新
600067.SS,冠城新材
000099.SZ,中信海直
002940.SZ,昂利康
600481.SS,双良节能
600636.SS,退市国化
600167.SS,联美控股
300938.SZ,信测标准
600755.SS,厦门国贸
600004.SS,白云机场
002823.SZ,凯中精密
600655.SS,豫园股份
300838.SZ,浙江力诺
600104.SS,上汽集团
002923.SZ,润都股份
002481.SZ,双塔食品
603619.SS,中曼石油
002636.SZ,金安国纪
002167.SZ,东方锆业
688408.SS,中信博
601991.SS,大唐发电
688359.SS,三孚新科
603719.SS,良品铺子
603048.SS,浙江黎明
002581.SZ,*ST未名
688508.SS,芯朋微
688259.SS,创耀科技
002736.SZ,国信证券
002067.SZ,景兴纸业
603871.SS,嘉友国际
600728.SS,佳都科技
300945.SZ,曼卡龙
600079.SS,ST人福
605183.SS,XD确成股
000561.SZ,烽火电子
300845.SZ,捷安高科
600628.SS,新世界
600179.SS,安通控股
301267.SZ,华厦眼科
300750.SZ,宁德时代
300001.SZ,特锐德
301536.SZ,星宸科技
688193.SS,仁度生物
603135.SS,中重科技
688475.SS,萤石网络
603382.SS,海阳科技
301367.SZ,瑞迈特
300650.SZ,太龙股份
688093.SS,世华科技
603035.SS,常熟汽饰
300101.SZ,振芯科技
688575.SS,亚辉龙
603282.SS,亚光股份
002889.SZ,东方嘉盛
600548.SS,深高速
600219.SS,南山铝业
000050.SZ,深天马Ａ
001236.SZ,弘业期货
000701.SZ,厦门信达
688800.SS,瑞可达
300992.SZ,泰福泵业
601599.SS,浙文影业
600448.SS,华纺股份
600319.SS,亚星化学
002989.SZ,中天精装
300892.SZ,品渥食品
001336.SZ,楚环科技
000601.SZ,韶能股份
301007.SZ,德迈仕
300530.SZ,领湃科技
603355.SS,莱克电气
300261.SZ,雅本化学
688615.SS,合合信息
300787.SZ,海能实业
301107.SZ,瑜欣电子
300430.SZ,*ST益通
301656.SZ,联合动力
603255.SS,鼎际得
300687.SZ,赛意信息
601002.SS,晋亿实业
600535.SS,天士力
600782.SS,新钢股份
600435.SS,北方导航
600682.SS,南京新百
603328.SS,依顿电子
600997.SS,开滦股份
688668.SS,鼎通科技
688139.SS,海尔生物
002456.SZ,欧菲光
002307.SZ,北新路桥
000969.SZ,安泰科技
603579.SS,荣泰健康
603228.SS,景旺电子
002556.SZ,辉隆股份
000869.SZ,张  裕Ａ
002207.SZ,*ST准油
600897.SS,厦门空港
688768.SS,容知日新
688039.SS,当虹科技
002364.SZ,中恒电气
301019.SZ,宁波色母
002682.SZ,龙洲股份
002535.SZ,林州重机
003002.SZ,壶化股份
002264.SZ,新 华 都
300699.SZ,光威复材
002782.SZ,可立克
301119.SZ,正强股份
601825.SS,沪农商行
001228.SZ,永泰运
002897.SZ,意华股份
600556.SS,天下秀
601061.SS,中信金属
600207.SS,安彩高科
001328.SZ,登康口腔
600456.SS,宝钛股份
600307.SS,酒钢宏兴
002997.SZ,瑞鹄模具
600989.SS,宝丰能源
688676.SS,金盘科技
603181.SS,皇马科技
688127.SS,蓝特光学
002448.SZ,中原内配
000977.SZ,浪潮信息
002319.SZ,乐通股份
300553.SZ,集智股份
601958.SS,金钼股份
603336.SS,宏辉果蔬
688390.SS,固德威
002548.SZ,金新农
002219.SZ,新里程
000877.SZ,天山股份
600889.SS,*ST京化
688776.SS,国光电气
603081.SS,大丰实业
688027.SS,国盾量子
603567.SS,珍宝岛
300453.SZ,三鑫医疗
300302.SZ,同有科技
603236.SS,移远通信
601858.SS,中国科传
688290.SS,景业智能
000762.SZ,西藏矿业
001255.SZ,博菲电气
300880.SZ,迦南智能
001324.SZ,长青科技
000713.SZ,国投丰乐
000042.SZ,中洲控股
300980.SZ,祥源新材
002268.SZ,电科网安
002539.SZ,云图控股
688056.SS,莱伯泰科
300695.SZ,兆丰股份
688707.SS,振华新材
300373.SZ,扬杰科技
603516.SS,淳中科技
301115.SZ,联检科技
300422.SZ,博世科
688156.SS,路德科技
688607.SS,康众医疗
300795.SZ,米奥会展
002368.SZ,太极股份
000906.SZ,浙商中拓
002439.SZ,启明星辰
601929.SS,吉视传媒
301015.SZ,百洋医药
300522.SZ,世名科技
603416.SS,信捷电气
600690.SS,海尔智家
001359.SZ,平安电工
600376.SS,首开股份
001259.SZ,利仁科技
600790.SS,轻纺城
600276.SS,恒瑞医药
601010.SS,ST文峰
600527.SS,江南高纤
002215.SZ,诺 普 信
002544.SZ,普天科技
600885.SS,宏发股份
301168.SZ,通灵股份
600985.SS,淮北矿业
002315.SZ,焦点科技
002444.SZ,巨星科技
301068.SZ,大地海洋
002790.SZ,瑞尔特
603259.SS,药明康德
603508.SS,思维列控
002276.SZ,万马股份
000818.SZ,航锦科技
002527.SZ,新时达
003010.SZ,若羽臣
688048.SS,长光华芯
688719.SS,爱科赛博
603359.SS,*ST东珠
603408.SS,建霖家居
002690.SZ,美亚光电
688148.SS,芳源股份
688619.SS,罗普特
002376.SZ,新北洋
002427.SZ,尤夫股份
600315.SS,上海家化
600444.SS,国机通用
605058.SS,澳弘电子
002985.SZ,北摩高科
002885.SZ,京泉华
605158.SS,华达新材
600215.SS,派斯林
601595.SS,上海电影
300310.SZ,宜通世纪
688282.SS,理工导航
300441.SZ,鲍斯股份
301176.SZ,逸豪新材
603093.SS,南华期货
688035.SS,德邦科技
603324.SS,盛剑科技
688382.SS,益方生物-U
300210.SZ,森远股份
300541.SZ,先进数通
301076.SZ,新瀚新材
301590.SZ,优优绿能
603193.SS,润本股份
688135.SS,利扬芯片
000965.SZ,天保基建
600368.SS,五洲交通
600439.SS,瑞贝卡
000670.SZ,盈方微
600268.SS,国电南自
600539.SS,狮头股份
000021.SZ,深科技
603520.SS,司太立
688586.SS,江航装备
300414.SZ,中光防雷
301123.SZ,奕东电子
300345.SZ,华民股份
603271.SS,永杰新材
603797.SS,联泰环保
688060.SS,云涌科技
003038.SZ,鑫铂股份
000830.SZ,鲁西化工
300514.SZ,友讯达
301023.SZ,奕帆传动
688486.SS,龙迅股份
300245.SZ,ST天玑
000930.SZ,中粮科技
603697.SS,有友食品
688631.SS,莱斯信息
688160.SS,步科股份
000625.SZ,长安汽车
001312.SZ,福恩股份
603982.SS,泉峰汽车
000592.SZ,平潭发展
603882.SS,金域医学
000725.SZ,京东方Ａ
001212.SZ,中旗新材
300469.SZ,信息发展
300338.SZ,*ST开元
002094.SZ,青岛金王
002572.SZ,索菲亚
002223.SZ,鱼跃医疗
002194.SZ,武汉凡谷
300569.SZ,天能重工
300238.SZ,冠昊生物
002472.SZ,双环传动
002323.SZ,*ST雅博
601126.SS,四方股份
601677.SS,明泰铝业
600340.SS,*ST华幸
600511.SS,国药股份
601026.SS,道生天合
601777.SS,千里科技
000009.SZ,中国宝安
000758.SZ,中色股份
605588.SS,冠石科技
600323.SS,瀚蓝环境
600094.SS,大名城
605488.SS,福莱新材
600572.SS,康恩贝
600223.SS,福瑞达
603789.SS,ST星农
003026.SZ,中晶科技
002511.SZ,中顺洁柔
002240.SZ,盛新锂能
688598.SS,金博股份
601801.SS,皖新传媒
002340.SZ,格林美
603689.SS,皖天然气
688498.SS,源杰科技
601901.SS,方正证券
601138.SS,工业富联
601669.SS,中国电建
000017.SZ,深中华A
601038.SS,一拖股份
688003.SS,天准科技
300191.SZ,潜能恒信
300477.SZ,ST合纵
300326.SZ,ST凯利
301611.SZ,珂玛科技
603212.SS,赛伍技术
000953.SZ,中哲精化
688652.SS,京仪装备
300091.SZ,*ST金灵
688103.SS,国力电子
301040.SZ,中环海陆
300577.SZ,开润股份
603312.SS,西典新能
300226.SZ,上海钢联
000922.SZ,佳电股份
688172.SS,燕东微
603685.SS,晨丰科技
688623.SS,双元科技
301286.SZ,侨源股份
603363.SS,傲农生物
300257.SZ,开山股份
300506.SZ,ST名家汇
301031.SZ,中熔电气
688072.SS,拓荆科技
301386.SZ,未来电器
000822.SZ,山东海化
300357.SZ,我武生物
300406.SZ,九强生物
301131.SZ,聚赛龙
600098.SS,广州发展
603890.SS,春秋电子
000737.SZ,北方铜业
000066.SZ,中国长城
601718.SS,ST际华
605162.SS,新中港
000637.SZ,茂化实华
001300.SZ,三柏硕
000166.SZ,申万宏源
600198.SS,大唐电信
603990.SS,麦迪科技
601618.SS,中国中冶
002331.SZ,皖通科技
002460.SZ,赣锋锂业
002186.SZ,全 聚 德
002560.SZ,通达股份
002086.SZ,东方海洋
600252.SS,中恒集团
600503.SS,华丽家族
601665.SS,齐鲁银行
600352.SS,浙江龙盛
600403.SS,大有能源
600231.SS,凌钢股份
600560.SS,金自天正
000729.SZ,燕京啤酒
000078.SZ,ST海王
600331.SS,宏达股份
601606.SS,长城军工
600460.SS,士兰微
000629.SZ,钒钛股份
600186.SS,莲花控股
300249.SZ,依米康
300518.SZ,新迅达
002352.SZ,顺丰控股
002403.SZ,爱仕达
301298.SZ,东利机械
300349.SZ,金卡智能
300418.SZ,昆仑万维
301398.SZ,星源卓镁
002252.SZ,上海莱士
605001.SS,威奥股份
002198.SZ,ST嘉应
603300.SS,海南华铁
300234.SZ,开尔新材
301052.SZ,果麦文化
300565.SZ,科信技术
300083.SZ,创世纪
688111.SS,金山办公
300334.SZ,津膜科技
301603.SZ,乔锋智能
603200.SS,上海洗霸
603551.SS,奥普科技
301152.SZ,天力锂能
300465.SZ,高伟达
002098.SZ,浔兴股份
688011.SS,新光光电
300183.SZ,东软载波
600446.SS,金证股份
002987.SZ,京北方
001338.SZ,永顺泰
002887.SZ,绿茵生态
600217.SS,中再资环
600546.SS,山煤国际
001238.SZ,浙江正特
002792.SZ,通宇通讯
301658.SZ,首航新能
301109.SZ,军信股份
002274.SZ,华昌化工
003012.SZ,东鹏控股
300689.SZ,澄天伟业
301009.SZ,可靠股份
002692.SZ,远程股份
300789.SZ,唐源电气
002374.SZ,中锐股份
002425.SZ,凯撒文化
000672.SZ,上峰材料
603226.SS,菲林格尔
688280.SS,精进电动-W
300443.SZ,金雷股份
603577.SS,汇金通
002209.SZ,达 意 隆
002558.SZ,巨人网络
603091.SS,众鑫股份
688037.SS,芯源微
688766.SS,普冉股份
300212.SZ,*ST易录
603326.SS,我乐家居
688380.SS,中微半导
603477.SS,巨星农牧
300543.SZ,朗科智能
603191.SS,XD望变电
688137.SS,近岸蛋白
301592.SZ,六九一二
600999.SS,招商证券
002309.SZ,中利集团
000967.SZ,盈峰环境
002458.SZ,益生股份
300697.SZ,电工合金
300371.SZ,汇中股份
300420.SZ,五洋自控
301117.SZ,佳缘科技
300797.SZ,钢研纳克
688605.SS,先锋精科
300271.SZ,华宇软件
603345.SS,安井食品
300520.SZ,科大国创
301017.SZ,漱玉平民
300882.SZ,万胜智能
001326.SZ,联域股份
600309.SS,万华化学
600458.SS,时代新材
002999.SZ,天禾股份
000711.SZ,ST京蓝
001226.SZ,拓山重工
300982.SZ,苏文电能
002899.SZ,英派斯
600558.SS,大西洋
002217.SZ,合力泰
002546.SZ,新联电子
688029.SS,南微医学
600887.SS,伊利股份
688778.SS,厦钨新能
603238.SS,诺邦股份
603569.SS,长久物流
688129.SS,东来技术
600987.SS,航民股份
688678.SS,福立旺
002317.SZ,众生药业
002446.SZ,盛路通信
601956.SS,东贝集团
603338.SS,浙江鼎力
600692.SS,亚通股份
600425.SS,青松建化
601112.SS,振石股份
600792.SS,云煤能源
600525.SS,ST长园
601012.SS,隆基绿能
002895.SZ,川恒股份
601163.SS,三角轮胎
600305.SS,恒顺醋业
002995.SZ,天地在线
688609.SS,九联科技
688158.SS,优刻得-W
002437.SZ,誉衡药业
002366.SZ,融发核电
000908.SZ,ST景峰
603418.SS,友升股份
003000.SZ,劲仔食品
002537.SZ,海联金汇
002266.SZ,浙富控股
688709.SS,成都华微
688058.SS,宝兰德
002780.SZ,三夫户外
603518.SS,锦泓集团
601827.SS,三峰环境
000031.SZ,大悦城
001257.SZ,盛龙股份
600529.SS,山东药玻
600278.SS,东方创业
600429.SS,三元股份
600378.SS,昊华科技
603183.SS,建研院
688125.SS,安达智能
301580.SZ,爱迪特
000975.SZ,山金国际
301066.SZ,万事利
300551.SZ,古鳌科技
300200.SZ,高盟新材
603334.SS,丰倍生物
688392.SS,骄成超声
000875.SZ,电投绿能
603083.SS,剑桥科技
688025.SS,杰普特
301166.SZ,优宁维
300451.SZ,创业慧康
603565.SS,中谷物流
688292.SS,浩瀚深度
300300.SZ,海峡创新
603406.SS,天富龙
300532.SZ,今天国际
301005.SZ,超捷股份
300263.SZ,隆华科技
601939.SS,建设银行
603357.SS,设计总院
300785.SZ,值得买
688617.SS,惠泰医疗
688146.SS,中船特气
002429.SZ,兆驰股份
002378.SZ,章源钨业
300432.SZ,富临精工
301105.SZ,鸿铭股份
603506.SS,南都物业
603257.SS,中国瑞林
300363.SZ,博腾股份
002529.SZ,*ST海源
002278.SZ,神开股份
000816.SZ,智慧农业
688717.SS,艾罗能源
300685.SZ,艾德生物
688046.SS,药康生物
000703.SZ,恒逸石化
001234.SZ,泰慕士
300990.SZ,同飞股份
688802.SS,沐曦股份-U
605056.SS,咸亨国际
300890.SZ,翔丰华
000603.SZ,盛达资源
301078.SZ,孩子王
600995.SS,南网储能
002454.SZ,松芝股份
002305.SZ,*ST南置
301178.SZ,天亿马
301629.SZ,矽电股份
002554.SZ,惠博普
002205.SZ,国统股份
600895.SS,张江高科
600537.SS,*ST亿晶
601000.SS,唐山港
600266.SS,城建发展
600780.SS,通宝能源
601100.SS,恒立液压
600366.SS,宁波韵升
688488.SS,艾迪药业
002350.SZ,北京科锐
002401.SZ,中远海科
603699.SS,纽威股份
601811.SS,新华文轩
688588.SS,凌志软件
603799.SS,华友钴业
002250.SZ,联化科技
002501.SZ,*ST利源
003036.SZ,泰坦股份
600233.SS,圆通速递
600562.SS,国睿科技
600084.SS,*ST尼雅
600333.SS,长春燃气
601155.SS,新城控股
605598.SS,上海港湾
600184.SS,光电股份
300236.SZ,上海新阳
300567.SZ,精测电子
301050.SZ,雷电微力
688113.SS,联测科技
300081.SZ,ST恒信
603202.SS,天有为
301601.SZ,惠通科技
300467.SZ,迅游科技
301150.SZ,中一科技
300181.SZ,佐力药业
688013.SS,天臣医疗
000756.SZ,新华制药
000007.SZ,全新好
605003.SS,众望布艺
601128.SS,常熟银行
000656.SZ,*ST金科
001202.SZ,炬申股份
000735.SZ,罗 牛 山
000582.SZ,北部湾港
000635.SZ,英 力 特
603992.SS,松霖科技
605060.SS,联德股份
000920.SZ,沃顿科技
688170.SS,德龙激光
603687.SS,大胜达
688621.SS,阳光诺和
300255.SZ,常山药业
688496.SS,*ST清越
301033.SZ,迈普医学
300504.SZ,天邑股份
688070.SS,纵横股份
603787.SS,新日股份
688721.SS,龙图光罩
000820.SZ,*ST节能
003028.SZ,振邦智能
603261.SS,*ST立航
300355.SZ,蒙草生态
301662.SZ,宏工科技
301133.SZ,金钟股份
300404.SZ,博济医药
603530.SS,XD神马电
688596.SS,正帆科技
000019.SZ,深粮控股
600250.SS,南京商旅
600501.SS,航天晨光
600350.SS,山东高速
601136.SS,首创证券
002333.SZ,罗普斯金
002462.SZ,嘉事堂
002184.SZ,海得控制
300228.SZ,富瑞特装
300579.SZ,数字认证
002233.SZ,塔牌集团
002562.SZ,兄弟科技
300328.SZ,宜安科技
601872.SS,招商轮船
300479.SZ,神思电子
002084.SZ,海鸥住工
301388.SZ,欣灵电气
002513.SZ,蓝丰生化
002242.SZ,九阳股份
300408.SZ,三环集团
300359.SZ,全通教育
002413.SZ,雷科防务
002342.SZ,巨力索具
301288.SZ,清研环境
300508.SZ,维宏股份
300259.SZ,新天科技
000639.SZ,ST西王
600196.SS,复星医药
600470.SS,六国化工
601616.SS,广电电气
600096.SS,云天化
000068.SZ,华控赛格
000739.SZ,普洛药业
600570.SS,恒生电子
600221.SS,海航控股
688750.SS,金天钛业
300193.SZ,佳士科技
688001.SS,华兴源创
300475.SZ,香农芯创
603210.SS,泰鸿万立
301613.SZ,新铝时代
300324.SZ,旋极信息
002088.SZ,鲁阳节能
000951.SZ,中国重汽
688101.SS,三达膜
300093.SZ,*ST金刚
002188.SZ,中天服务
300575.SZ,中旗股份
301042.SZ,安联锐视
300224.SZ,正海磁材
603310.SS,巍华新材
001373.SZ,翔腾新材
605011.SS,杭州热电
605111.SS,新洁能
601608.SS,中信重工
603980.SS,XD吉华集
600188.SS,兖矿能源
601059.SS,信达证券
000590.SZ,古汉医药
603880.SS,南卫股份
600088.SS,中视传媒
001210.SZ,金房能源
000727.SZ,冠捷科技
301121.SZ,紫建电子
300416.SZ,苏试试验
688584.SS,上海合晶
603273.SS,天元智能
300347.SZ,泰格医药
688733.SS,壹石通
301396.SZ,宏景科技
688062.SS,迈威生物-U
688484.SS,南芯科技
301021.SZ,英诺激光
300516.SZ,久之洋
300247.SZ,融捷健康
603373.SS,安邦护卫
000932.SZ,华菱钢铁
301296.SZ,新巨丰
688633.SS,星球石墨
688162.SS,巨一科技
600513.SS,联环药业
601860.SS,紫金银行
002096.SZ,易普力
002570.SZ,贝因美
002221.SZ,东华能源
002196.SZ,方正电机
002470.SZ,金正大
002321.SZ,华英农业
600673.SS,东阳光
600395.SS,盘江股份
002905.SZ,金逸影视
600773.SS,西藏城投
600022.SS,山东钢铁
601515.SS,衢州东峰
002805.SZ,丰元股份
600295.SS,鄂尔多斯
000898.SZ,鞍钢股份
688799.SS,华纳药厂
600866.SS,星湖科技
002041.SZ,登海种业
603588.SS,高能环境
688699.SS,明微电子
600966.SS,博汇纸业
000998.SZ,隆平高科
603488.SS,展鹏科技
002610.SZ,ST爱康
002141.SZ,贤丰控股
601339.SS,百隆东方
300863.SZ,卡倍亿
002978.SZ,安宁股份
300963.SZ,中洲特材
601568.SS,北元化工
002878.SZ,元隆雅图
000547.SZ,航天发展
300676.SZ,华大基因
300127.SZ,银河磁体
603013.SS,亚普股份
688553.SS,汇宇制药-W
688202.SS,美迪西
300390.SZ,天华新能
300776.SZ,帝尔激光
603113.SS,金能科技
300027.SZ,ST华谊
301510.SZ,固高科技
300290.SZ,荣科科技
688302.SS,海创药业-U
301195.SZ,北路智控
688530.SS,欧莱新材
603596.SS,伯特利
688261.SS,东微半导
000886.SZ,海南高速
688787.SS,海天瑞声
603721.SS,中广天择
300615.SZ,欣天科技
301322.SZ,绿通科技
300144.SZ,宋城演艺
603070.SS,万控智造
603496.SS,恒为科技
301095.SZ,广立微
688361.SS,中科飞测
300715.SZ,凯伦股份
301222.SZ,浙江恒威
688687.SS,凯因科技
603170.SS,宝立食品
300044.SZ,*ST赛为
300800.SZ,力合科技
000524.SZ,岭南控股
000793.SZ,*ST华闻
300900.SZ,广联航空
002773.SZ,康弘药业
002022.SZ,科华生物
002295.SZ,精艺股份
300668.SZ,杰恩股份
600805.SS,悦达投资
300139.SZ,晓程科技
002673.SZ,西部证券
002122.SZ,ST汇洲
600905.SS,三峡能源
300768.SZ,迪普科技
300039.SZ,上海凯宝
002395.SZ,双象股份
002966.SZ,苏州银行
603949.SS,雪龙集团
600610.SS,中毅达
600141.SS,兴发集团
002866.SZ,传艺科技
000559.SZ,万向钱潮
600710.SS,苏美达
000528.SZ,柳    工
002817.SZ,黄山胶囊
600287.SS,苏豪时尚
600030.SS,中信证券
603838.SS,*ST四通
600761.SS,安徽合力
000428.SZ,华天酒店
002917.SZ,金奥博
600130.SS,波导股份
600661.SS,昂立教育
603938.SS,三孚股份
301099.SZ,雅创电子
002153.SZ,石基信息
002602.SZ,世纪华通
300048.SZ,合康新能
300719.SZ,安达维尔
002053.SZ,云南能投
002702.SZ,海欣食品
301199.SZ,迈赫股份
300148.SZ,天舟文化
300619.SZ,金银河
600874.SS,创业环保
000555.SZ,神州信息
605300.SS,佳禾食品
300971.SZ,博亚精工
300871.SZ,回盛生物
688310.SS,迈得医疗
603101.SS,汇嘉时代
300035.SZ,中科电气
301502.SZ,华阳智能
603650.SS,彤程新材
600909.SS,华安证券
002399.SZ,海普瑞
688210.SS,统联精密
300382.SZ,斯莱克
002299.SZ,圣农发展
300135.SZ,宝利国际
603001.SS,奥康国际
600809.SS,山西汾酒
301353.SZ,普莱得
300664.SZ,鹏鹞环保
603162.SS,海通发展
300056.SZ,中创环保
300707.SZ,威唐工业
301230.SZ,泓博医药
688695.SS,中创股份
603633.SS,徕木股份
688373.SS,盟科药业-U
301087.SZ,可孚医疗
603062.SS,麦加芯彩
688795.SS,摩尔线程-U
603733.SS,仙鹤股份
300607.SZ,拓斯达
301330.SZ,熵基科技
688273.SS,麦澜德
301187.SZ,欧圣电气
688522.SS,纳睿雷达
601519.SS,大智慧
300912.SZ,凯龙高科
603826.SS,坤彩科技
000536.SZ,华映科技
002809.SZ,红墙股份
600299.SS,安迪苏
603926.SS,铁流股份
300812.SZ,易天股份
000681.SZ,视觉中国
600399.SS,抚顺特钢
002909.SZ,集泰股份
600917.SS,重庆燃气
002387.SZ,维信诺
002130.SZ,沃尔核材
002661.SZ,克明食品
002287.SZ,奇正藏药
600817.SS,宇通重工
002030.SZ,达安基因
002761.SZ,浙江建投
600053.SS,*ST九鼎
600702.SS,舍得酒业
600153.SS,建发股份
600602.SS,云赛智联
002483.SZ,润邦股份
301218.SZ,华是科技
002634.SZ,*ST棒杰
002165.SZ,红 宝 丽
300598.SZ,诚迈科技
301318.SZ,维海德
301449.SZ,天溯计量
002583.SZ,海能达
300498.SZ,温氏股份
002734.SZ,利民股份
002065.SZ,东华软件
600757.SS,长江传媒
600006.SS,东风股份
002821.SZ,凯莱英
600657.SS,信达地产
601360.SS,三六零
600106.SS,重庆路桥
002921.SZ,联诚精密
601686.SS,友发集团
300752.SZ,隆利科技
301265.SZ,华新科技
603666.SS,亿嘉和
688191.SS,智洋创新
603137.SS,恒尚节能
300003.SZ,乐普医疗
002649.SZ,博彦科技
688326.SS,经纬恒润-W
603380.SS,易德龙
603766.SS,隆鑫通用
300652.SZ,雷迪克
301365.SZ,矩阵股份
300103.SZ,达刚控股
688091.SS,上海谊众
603037.SS,凯众股份
688577.SS,浙海德曼
688226.SS,威腾电气
603280.SS,南方路机
301683.SZ,慧谷新材
002749.SZ,国光股份
300947.SZ,德必集团
605336.SS,*ST帅电
000563.SZ,陕国投Ａ
605567.SS,春雪食品
300847.SZ,中船汉光
605081.SS,退市太和
601798.SS,蓝科高新
603810.SS,丰山集团
600749.SS,西藏旅游
600018.SS,上港集团
001280.SZ,中国铀业
000400.SZ,许继电气
601698.SS,中国卫通
605255.SS,天普股份
001380.SZ,华纬科技
600649.SS,城投控股
300824.SZ,北鼎股份
600118.SS,中国卫星
300586.SZ,美联新材
688345.SS,博力威
301206.SZ,三元生物
300731.SZ,科创新源
603605.SS,珀莱雅
301557.SZ,常友科技
300486.SZ,东杰智能
301306.SZ,西测测试
300631.SZ,久吾高科
300160.SZ,秀强股份
600583.SS,海油工程
002842.SZ,翔鹭钨业
600734.SS,*ST实达
300959.SZ,线上线下
002942.SZ,新农股份
600483.SS,福能股份
605228.SS,神通科技
300859.SZ,西域旅游
600165.SS,ST宁科
002657.SZ,中科金财
002106.SZ,莱宝高科
688469.SS,芯联集成-U
688338.SS,赛科希德
603678.SS,火炬电子
603129.SS,春风动力
688569.SS,铁科轨道
688238.SS,和元生物
002757.SZ,南兴股份
002006.SZ,精工科技
600821.SS,金开新能
603778.SS,国晟科技
603029.SS,天鹅股份
601881.SS,中国银河
688249.SS,晶合集成
688518.SS,联赢激光
002077.SZ,大港股份
002726.SZ,ST龙大
603058.SS,永吉股份
603709.SS,中源家居
600850.SS,电科数字
002591.SZ,恒大高新
002177.SZ,御银股份
002626.SZ,金达威
688349.SS,三一重能
688418.SS,震有科技
002491.SZ,通鼎互联
603158.SS,腾龙股份
603609.SS,禾丰股份
002933.SZ,新兴装备
605259.SS,绿田机械
600114.SS,东睦股份
300828.SZ,锐新科技
600645.SS,中源协和
002833.SZ,弘亚数控
600745.SS,*ST闻泰
300928.SZ,华安鑫创
688234.SS,天岳先进
688565.SS,力源科技
300111.SZ,向日葵
688083.SS,中望软件
603025.SS,大豪科技
300640.SZ,德艺文创
301377.SZ,鼎泰高科
688334.SS,西高院
603392.SS,万泰生物
688183.SS,生益电子
603125.SS,常青科技
301526.SZ,国际复材
300011.SZ,鼎汉技术
300740.SZ,水羊股份
301277.SZ,新天地
600169.SS,ST太重
600638.SS,新黄浦
300855.SZ,图南股份
000571.SZ,新大洲A
300955.SZ,嘉亨家化
600738.SS,丽尚国潮
603861.SS,白云电器
300836.SZ,佰奥智能
300936.SZ,中英科技
300172.SZ,中电环保
603717.SS,天域生物
301314.SZ,科瑞思
300623.SZ,捷捷微电
688257.SS,DR新锐股
300494.SZ,盛天网络
688506.SS,百利天恒
002069.SZ,獐子岛
002738.SZ,中矿资源
300072.SZ,海新能科
300723.SZ,一品红
603617.SS,君禾股份
002169.SZ,智光电气
002638.SZ,勤上股份
688357.SS,建龙微纳
300594.SZ,ST朗进
600177.SS,雅戈尔
601311.SS,骆驼股份
600626.SS,申达股份
002950.SZ,奥美医疗
600491.SS,ST龙元
601211.SS,国泰海通
600726.SS,华电能源
000089.SZ,深圳机场
002850.SZ,科达利
301369.SZ,联动科技
600833.SS,第一医药
002014.SZ,永新股份
002745.SZ,木林森
301538.SZ,骏鼎达
600933.SS,爱柯迪
301269.SZ,华大九天
002114.SZ,罗平锌电
002645.SZ,华宏科技
